Workbook
Name FamilyWeightMatrix: 'Arsenal Profile'!$E$4:$U$20
Name PitchClass: 'Arsenal Profile'!$A$3:$C$19
Name PlayerArsenalVectors: 'Arsenal Profile'!$W$5:$AM$77

Sheet braves_19_25
A1: player_id | B1: player_name | C1: pitch_type | D1: usage | E1: xwoba | F1: spin_rate | G1: effective_speed | H1: release_extension | I1: api_break_z_with_gravity | J1: api_break_x_arm | K1: api_break_x_batter_in | L1: release_pos_z | M1: release_pos_x | N1: xslg | O1: arm_angle | P1: pitches | Q1: total_pitches | R1: pitch_percent
A2: 608331 | B2: Fried, Max | C2: FF | D2: 30.8 | E2: 0.327 | F2: 2138 | G2: 94.37 | H2: 6.37 | I2: 1.56732 | J2: 0.13521 | K2: -0.08096 | L2: 6.06 | M2: 1.24 | N2: 0.397 | O2: 52.8 | P2: 4947 | Q2: 12948 | R2: 0.38206673
A3: 608331 | B3: Fried, Max | C3: FC | D3: 1.3 | E3: 0.332 | F3: 2361 | G3: 88.85 | H3: 6.4 | I3: 2.6551 | J3: -0.2854 | K3: 0.11104 | L3: 5.86 | M3: 1.5 | N3: 0.467 | O3: 44.7 | P3: 202 | Q3: 12948 | R3: 0.015600865
A4: 608331 | B4: Fried, Max | C4: CU | D4: 18.6 | E4: 0.204 | F4: 2770 | G4: 73.83 | H4: 6.15 | I4: 5.59075 | J4: -0.78738 | K4: 0.52068 | L4: 6.08 | M4: 1.36 | N4: 0.255 | O4: 53.7 | P4: 2989 | Q4: 12948 | R4: 0.23084646
A5: 608331 | B5: Fried, Max | C5: SL | D5: 12 | E5: 0.281 | F5: 2480 | G5: 84.99 | H5: 6.1 | I5: 3.20238 | J5: -0.67054 | K5: 0.27798 | L5: 5.93 | M5: 1.54 | N5: 0.372 | O5: 48.2 | P5: 1921 | Q5: 12948 | R5: 0.14836268
A6: 608331 | B6: Fried, Max | C6: SI | D6: 9.3 | E6: 0.307 | F6: 2030 | G6: 93.79 | H6: 6.45 | I6: 1.81553 | J6: 0.87371 | K6: -0.17539 | L6: 6.02 | M6: 1.2 | N6: 0.384 | O6: 51.3 | P6: 1500 | Q6: 12948 | R6: 0.11584801
A7: 608331 | B7: Fried, Max | C7: CH | D7: 7.1 | E7: 0.245 | F7: 1433 | G7: 86.44 | H7: 6.53 | I7: 2.70483 | J7: 1.02873 | K7: -0.83829 | L7: 5.75 | M7: 1.62 | N7: 0.319 | O7: 43.4 | P7: 1142 | Q7: 12948 | R7: 0.08819895
A8: 608331 | B8: Fried, Max | C8: ST | D8: 1.5 | E8: 0.17 | F8: 2737 | G8: 80.95 | H8: 6.37 | I8: 3.96814 | J8: -1.25073 | K8: 0.37794 | L8: 5.89 | M8: 1.48 | N8: 0.159 | O8: 46.1 | P8: 247 | Q8: 12948 | R8: 0.019076305
A9: 450203 | B9: Morton, Charlie | C9: SI | D9: 6.5 | E9: 0.395 | F9: 2142 | G9: 94.18 | H9: 6.24 | I9: 2.15906 | J9: 1.44213 | K9: 1.09535 | L9: 5.45 | M9: -2.26 | N9: 0.48 | O9: 21.7 | P9: 1158 | Q9: 11546 | R9: 0.10029447
A10: 450203 | B10: Morton, Charlie | C10: FF | D10: 21.2 | E10: 0.356 | F10: 2320 | G10: 94.76 | H10: 6.21 | I10: 1.55983 | J10: 1.05091 | K10: -0.16746 | L10: 5.5 | M10: -2.27 | N10: 0.469 | O10: 22.9 | P10: 3790 | Q10: 11546 | R10: 0.32825221
A11: 450203 | B11: Morton, Charlie | C11: CH | D11: 5.6 | E11: 0.346 | F11: 2144 | G11: 85.9 | H11: 6.27 | I11: 3.00529 | J11: 1.45204 | K11: -0.38361 | L11: 5.37 | M11: -2.4 | N11: 0.434 | O11: 20 | P11: 1006 | Q11: 11546 | R11: 0.087129742
A12: 450203 | B12: Morton, Charlie | C12: FC | D12: 5.4 | E12: 0.415 | F12: 2478 | G12: 88.55 | H12: 6.21 | I12: 2.45421 | J12: -0.08624 | K12: -0.0411 | L12: 5.41 | M12: -2.37 | N12: 0.597 | O12: 20.8 | P12: 969 | Q12: 11546 | R12: 0.083925169
A13: 450203 | B13: Morton, Charlie | C13: CU | D13: 25.9 | E13: 0.247 | F13: 3074 | G13: 81.06 | H13: 6.15 | I13: 4.20357 | J13: -1.23047 | K13: 0.16382 | L13: 5.4 | M13: -2.42 | N13: 0.274 | O13: 21.1 | P13: 4623 | Q13: 11546 | R13: 0.40039841
A14: 675911 | B14: Strider, Spencer | C14: PO | D14: 0 | F14: 2209 | G14: 90.7 | H14: 6.3 | I14: 1.28 | J14: 0.7 | K14: -0.7 | L14: 6.09 | M14: -2.19 | O14: 38.7 | P14: 1 | Q14: 7703 | R14: 0.00012981955
A15: 675911 | B15: Strider, Spencer | C15: FF | D15: 59.1 | E15: 0.329 | F15: 2339 | G15: 98.26 | H15: 6.98 | I15: 0.95031 | J15: 0.54209 | K15: -0.07393 | L15: 5.81 | M15: -1.93 | N15: 0.43 | O15: 46.3 | P15: 4553 | Q15: 7703 | R15: 0.59106841
A16: 675911 | B16: Strider, Spencer | C16: CH | D16: 5.7 | E16: 0.206 | F16: 2157 | G16: 88.37 | H16: 7.02 | I16: 2.13105 | J16: 1.21194 | K16: -1.09303 | L16: 5.72 | M16: -2.14 | N16: 0.249 | O16: 42.8 | P16: 439 | Q16: 7703 | R16: 0.056990783
A17: 675911 | B17: Strider, Spencer | C17: SL | D17: 32.5 | E17: 0.224 | F17: 2335 | G17: 86.6 | H17: 6.96 | I17: 2.97651 | J17: -0.44432 | K17: -0.06346 | L17: 5.74 | M17: -1.99 | N17: 0.268 | O17: 44.8 | P17: 2501 | Q17: 7703 | R17: 0.3246787
A18: 675911 | B18: Strider, Spencer | C18: CU | D18: 2.7 | E18: 0.256 | F18: 2655 | G18: 79.43 | H18: 6.87 | I18: 4.24249 | J18: -0.82861 | K18: 0.35139 | L18: 5.84 | M18: -1.76 | N18: 0.292 | O18: 43.9 | P18: 209 | Q18: 7703 | R18: 0.027132286
A19: 693821 | B19: Elder, Bryce | C19: SI | D19: 40.6 | E19: 0.357 | F19: 2019 | G19: 89.97 | H19: 6.03 | I19: 2.07363 | J19: 1.14847 | K19: 0.31426 | L19: 6.48 | M19: -1.16 | N19: 0.447 | O19: 51.4 | P19: 2884 | Q19: 7100 | R19: 0.40619718
A20: 693821 | B20: Elder, Bryce | C20: SL | D20: 33.8 | E20: 0.302 | F20: 2445 | G20: 83.04 | H20: 6.03 | I20: 3.37537 | J20: -0.06556 | K20: -0.00658 | L20: 6.52 | M20: -1.03 | N20: 0.408 | O20: 53.9 | P20: 2397 | Q20: 7100 | R20: 0.33760563
A21: 693821 | B21: Elder, Bryce | C21: FC | D21: 0 | E21: 0.079 | F21: 2512 | G21: 86.6 | H21: 6 | I21: 2.68 | J21: -0.32 | K21: -0.32 | L21: 6.46 | M21: -1.45 | N21: 0.088 | O21: 56.7 | P21: 1 | Q21: 7100 | R21: 0.00014084507
A22: 693821 | B22: Elder, Bryce | C22: FF | D22: 13.2 | E22: 0.342 | F22: 2170 | G22: 91.26 | H22: 6.03 | I22: 1.45462 | J22: 0.28115 | K22: -0.22524 | L22: 6.49 | M22: -1.1 | N22: 0.451 | O22: 52 | P22: 936 | Q22: 7100 | R22: 0.13183099
A23: 693821 | B23: Elder, Bryce | C23: CH | D23: 12.4 | E23: 0.309 | F23: 2125 | G23: 85.42 | H23: 5.97 | I23: 2.7383 | J23: 0.96039 | K23: -0.45367 | L23: 6.5 | M23: -1.15 | N23: 0.405 | O23: 52.1 | P23: 882 | Q23: 7100 | R23: 0.12422535
A24: 519242 | B24: Sale, Chris | C24: SI | D24: 2.8 | E24: 0.377 | F24: 2094 | G24: 94.25 | H24: 6.59 | I24: 2.3904 | J24: 1.49244 | K24: -0.18676 | L24: 4.96 | M24: 3.13 | N24: 0.445 | O24: 8.8 | P24: 275 | Q24: 4846 | R24: 0.056747833
A25: 519242 | B25: Sale, Chris | C25: FF | D25: 19.6 | E25: 0.322 | F25: 2251 | G25: 95.15 | H25: 6.62 | I25: 1.73782 | J25: 1.24409 | K25: -0.88604 | L25: 5.1 | M25: 3.07 | N25: 0.405 | O25: 11 | P25: 1922 | Q25: 4846 | R25: 0.39661577
A26: 519242 | B26: Sale, Chris | C26: CH | D26: 5.6 | E26: 0.255 | F26: 1868 | G26: 87.09 | H26: 6.51 | I26: 3.0294 | J26: 1.3563 | K26: -1.27287 | L26: 4.77 | M26: 3.16 | N26: 0.338 | O26: 5.9 | P26: 554 | Q26: 4846 | R26: 0.11432109
... A55: 445926 | B55: Chavez, Jesse | C55: CH | D55: 8.3 | E55: 0.31 | F55: 1833 | G55: 85.15 | H55: 6.33 | I55: 2.98276 | J55: 1.32603 | K55: -0.75491 | L55: 5.11 | M55: -1.61 | N55: 0.385 | O55: 22.3 | P55: 428 | Q55: 3213 | R55: 0.13320884
A56: 445926 | B56: Chavez, Jesse | C56: PO | D56: 0 | F56: 2157 | G56: 88.7 | H56: 6.2 | I56: 1.77 | J56: 0.87 | K56: 0.87 | L56: 5.15 | M56: -1.75 | O56: 18.5 | P56: 1 | Q56: 3213 | R56: 0.00031123561
A57: 445926 | B57: Chavez, Jesse | C57: CU | D57: 2.5 | E57: 0.184 | F57: 2562 | G57: 75.61 | H57: 6.32 | I57: 4.63116 | J57: -1.31713 | K57: -0.73791 | L57: 5.26 | M57: -1.55 | N57: 0.241 | O57: 26.7 | P57: 129 | Q57: 3213 | R57: 0.040149393
A58: 445926 | B58: Chavez, Jesse | C58: SI | D58: 17.9 | E58: 0.326 | F58: 1995 | G58: 90.89 | H58: 6.23 | I58: 2.12298 | J58: 1.35245 | K58: 0.58831 | L58: 5.11 | M58: -1.51 | N58: 0.435 | O58: 21 | P58: 922 | Q58: 3213 | R58: 0.28695923
A59: 628452 | B59: Iglesias, Raisel | C59: SL | D59: 7.9 | E59: 0.253 | F59: 2645 | G59: 83.99 | H59: 6.06 | I59: 2.82986 | J59: -0.80553 | K59: -0.44618 | L59: 5.49 | M59: -1.79 | N59: 0.373 | O59: 32.9 | P59: 493 | Q59: 3173 | R59: 0.15537346
A60: 628452 | B60: Iglesias, Raisel | C60: SI | D60: 9.3 | E60: 0.337 | F60: 2328 | G60: 94.65 | H60: 6.2 | I60: 1.77276 | J60: 1.39465 | K60: 0.50467 | L60: 5.48 | M60: -1.83 | N60: 0.397 | O60: 31.6 | P60: 583 | Q60: 3173 | R60: 0.18373779
A61: 628452 | B61: Iglesias, Raisel | C61: CH | D61: 15.7 | E61: 0.222 | F61: 1974 | G61: 89 | H61: 6.19 | I61: 2.5007 | J61: 1.33153 | K61: -0.48331 | L61: 5.41 | M61: -1.87 | N61: 0.279 | O61: 30.3 | P61: 983 | Q61: 3173 | R61: 0.30980145
A62: 628452 | B62: Iglesias, Raisel | C62: FF | D62: 17.8 | E62: 0.279 | F62: 2321 | G62: 94.91 | H62: 6.17 | I62: 1.26637 | J62: 0.73525 | K62: -0.15058 | L62: 5.48 | M62: -1.84 | N62: 0.394 | O62: 31.8 | P62: 1114 | Q62: 3173 | R62: 0.3510873
A63: 592426 | B63: Jackson, Luke | C63: SL | D63: 31.7 | E63: 0.232 | F63: 2446 | G63: 87.94 | H63: 6.47 | I63: 3.49258 | J63: -0.14026 | K63: -0.03076 | L63: 6.33 | M63: -2.54 | N63: 0.271 | O63: 49.2 | P63: 1589 | Q63: 3136 | R63: 0.50669643
A64: 592426 | B64: Jackson, Luke | C64: FC | D64: 0.2 | E64: 0.549 | F64: 2393 | G64: 90.9 | H64: 6.68 | I64: 2.139 | J64: -0.153 | K64: -0.173 | L64: 6.39 | M64: -2.64 | N64: 0.469 | O64: 42.7 | P64: 10 | Q64: 3136 | R64: 0.0031887755
A65: 592426 | B65: Jackson, Luke | C65: FF | D65: 22.6 | E65: 0.387 | F65: 2265 | G65: 96.3 | H65: 6.7 | I65: 1.02605 | J65: 0.59161 | K65: 0.06991 | L65: 6.46 | M65: -2.18 | N65: 0.502 | O65: 53 | P65: 1133 | Q65: 3136 | R65: 0.36128827
A66: 592426 | B66: Jackson, Luke | C66: CU | D66: 8 | E66: 0.299 | F66: 2498 | G66: 84.04 | H66: 6.4 | I66: 4.30483 | J66: -0.48948 | K66: 0.15275 | L66: 6.41 | M66: -2.61 | N66: 0.403 | O66: 51.2 | P66: 404 | Q66: 3136 | R66: 0.12882653
A67: 669276 | B67: Lee, Dylan | C67: FF | D67: 36.3 | E67: 0.326 | F67: 2285 | G67: 92.72 | H67: 6.34 | I67: 1.0454 | J67: 0.63493 | K67: -0.16514 | L67: 6.51 | M67: 1.67 | N67: 0.468 | O67: 47.5 | P67: 1139 | Q67: 3134 | R67: 0.36343331
A68: 669276 | B68: Lee, Dylan | C68: SI | D68: 0 | E68: 0.164 | F68: 2060 | G68: 92.1 | H68: 6.7 | I68: 1.32 | J68: 0.42 | K68: -0.42 | L68: 6.17 | M68: 1.66 | N68: 0.229 | O68: 47.2 | P68: 1 | Q68: 3134 | R68: 0.00031908105
... A71: 656550 | B71: Holmes, Grant | C71: FC | D71: 12.8 | E71: 0.385 | F71: 2521 | G71: 91.92 | H71: 5.92 | I71: 1.78772 | J71: 0.0258 | K71: -0.02243 | L71: 5.89 | M71: -2.4 | N71: 0.507 | O71: 38.7 | P71: 381 | Q71: 2988 | R71: 0.12751004
A72: 656550 | B72: Holmes, Grant | C72: SI | D72: 0.1 | F72: 2317 | G72: 93.45 | H72: 6.15 | I72: 1.975 | J72: 0.76 | K72: 0.01 | L72: 5.79 | M72: -2.46 | O72: 37.5 | P72: 2 | Q72: 2988 | R72: 0.00066934404
A73: 656550 | B73: Holmes, Grant | C73: CH | D73: 1.2 | E73: 0.452 | F73: 1620 | G73: 90.09 | H73: 6.03 | I73: 2.40629 | J73: 0.95943 | K73: -0.75543 | L73: 5.8 | M73: -2.43 | N73: 0.716 | O73: 37.6 | P73: 35 | Q73: 2988 | R73: 0.011713521
A74: 656550 | B74: Holmes, Grant | C74: CU | D74: 17.2 | E74: 0.262 | F74: 2882 | G74: 83.28 | H74: 5.94 | I74: 4.00399 | J74: -0.33922 | K74: 0.18943 | L74: 5.93 | M74: -2.33 | N74: 0.291 | O74: 40.9 | P74: 514 | Q74: 2988 | R74: 0.17202142
A75: 656550 | B75: Holmes, Grant | C75: FF | D75: 34.2 | E75: 0.381 | F75: 2316 | G75: 94.07 | H75: 5.99 | I75: 1.29491 | J75: 0.47344 | K75: 0.00122 | L75: 5.92 | M75: -2.33 | N75: 0.506 | O75: 39.4 | P75: 1023 | Q75: 2988 | R75: 0.34236948
A76: 656550 | B76: Holmes, Grant | C76: SL | D76: 34.6 | E76: 0.266 | F76: 2807 | G76: 85.41 | H76: 5.99 | I76: 3.3036 | J76: -0.22078 | K76: -0.0457 | L76: 5.86 | M76: -2.4 | N76: 0.349 | O76: 38.4 | P76: 1033 | Q76: 2988 | R76: 0.3457162
A77: 458708 | B77: Tomlin, Josh | C77: CH | D77: 5.2 | E77: 0.379 | F77: 1739 | G77: 83.52 | H77: 5.59 | I77: 2.63455 | J77: 1.20417 | K77: -0.85235 | L77: 5.4 | M77: -1.49 | N77: 0.507 | O77: 37.2 | P77: 132 | Q77: 2519 | R77: 0.052401747
A78: 458708 | B78: Tomlin, Josh | C78: CU | D78: 23 | E78: 0.32 | F78: 2734 | G78: 75.45 | H78: 5.46 | I78: 4.53069 | J78: -0.43588 | K78: -0.01069 | L78: 5.78 | M78: -1.21 | N78: 0.457 | O78: 45.1 | P78: 580 | Q78: 2519 | R78: 0.2302501
A79: 458708 | B79: Tomlin, Josh | C79: FC | D79: 46.2 | E79: 0.299 | F79: 2585 | G79: 85.48 | H79: 5.54 | I79: 2.21457 | J79: -0.23295 | K79: -0.08833 | L79: 5.94 | M79: -0.96 | N79: 0.435 | O79: 50.2 | P79: 1165 | Q79: 2519 | R79: 0.46248511
A80: 458708 | B80: Tomlin, Josh | C80: FF | D80: 22.8 | E80: 0.381 | F80: 2247 | G80: 87.84 | H80: 5.56 | I80: 1.52152 | J80: 0.73444 | K80: 0.12312 | L80: 5.72 | M80: -1.17 | N80: 0.582 | O80: 46.4 | P80: 574 | Q80: 2519 | R80: 0.2278682
A81: 458708 | B81: Tomlin, Josh | C81: SI | D81: 2.7 | E81: 0.386 | F81: 2144 | G81: 87.13 | H81: 5.4 | I81: 1.89206 | J81: 1.13162 | K81: 0.03956 | L81: 5.49 | M81: -1.38 | N81: 0.502 | O81: 38.7 | P81: 68 | Q81: 2519 | R81: 0.026994839
A82: 554431 | B82: Matzek, Tyler | C82: SI | D82: 0.2 | E82: 0.273 | F82: 2494 | G82: 93.15 | H82: 6.25 | I82: 1.145 | J82: 0.805 | K82: 0.32 | L82: 6.3 | M82: 1.81 | N82: 0.353 | O82: 50.1 | P82: 4 | Q82: 2440 | R82: 0.0016393443
A83: 554431 | B83: Matzek, Tyler | C83: SL | D83: 23.9 | E83: 0.221 | F83: 2857 | G83: 83.93 | H83: 6.32 | I83: 3.79762 | J83: -0.54364 | K83: 0.17545 | L83: 6.19 | M83: 1.88 | N83: 0.211 | O83: 50.7 | P83: 613 | Q83: 2440 | R83: 0.25122951
A84: 554431 | B84: Matzek, Tyler | C84: CU | D84: 2.4 | E84: 0.339 | F84: 2970 | G84: 79.45 | H84: 6.3 | I84: 4.7341 | J84: -0.78016 | K84: 0.20049 | L84: 6.31 | M84: 1.96 | N84: 0.43 | O84: 54.6 | P84: 61 | Q84: 2440 | R84: 0.025
... A86: 554431 | B86: Matzek, Tyler | C86: FF | D86: 66.8 | E86: 0.312 | F86: 2421 | G86: 95 | H86: 6.34 | I86: 1.05446 | J86: 0.36415 | K86: -0.09926 | L86: 6.26 | M86: 1.82 | N86: 0.377 | O86: 51.2 | P86: 1715 | Q86: 2440 | R86: 0.70286885
A87: 656794 | B87: Newcomb, Sean | C87: SI | D87: 0 | F87: 2489 | G87: 94.7 | H87: 5.9 | I87: 0.99 | J87: 0.89 | K87: -0.89 | L87: 6.58 | M87: 1.53 | O87: 44.4 | P87: 1 | Q87: 2251 | R87: 0.000444247
A88: 656794 | B88: Newcomb, Sean | C88: SL | D88: 2.5 | E88: 0.309 | F88: 2843 | G88: 79.49 | H88: 5.38 | I88: 4.24458 | J88: -1.11683 | K88: -0.28767 | L88: 6.31 | M88: 1.92 | N88: 0.37 | O88: 45.8 | P88: 120 | Q88: 2251 | R88: 0.05330964
A89: 656794 | B89: Newcomb, Sean | C89: CU | D89: 8.5 | E89: 0.206 | F89: 2867 | G89: 76.99 | H89: 5.35 | I89: 5.27808 | J89: -0.76796 | K89: 0.33179 | L89: 6.52 | M89: 1.74 | N89: 0.241 | O89: 46.6 | P89: 402 | Q89: 2251 | R89: 0.17858729
A90: 656794 | B90: Newcomb, Sean | C90: SV | D90: 0.1 | E90: 0 | F90: 2732 | G90: 85.92 | H90: 6 | I90: 3.305 | J90: -0.4675 | K90: -0.2575 | L90: 6.31 | M90: 1.64 | N90: 0.001 | O90: 40.3 | P90: 4 | Q90: 2251 | R90: 0.001776988
A91: 656794 | B91: Newcomb, Sean | C91: FC | D91: 4.1 | E91: 0.261 | F91: 2687 | G91: 87.21 | H91: 5.83 | I91: 2.84964 | J91: -0.3266 | K91: 0.03454 | L91: 6.3 | M91: 1.72 | N91: 0.317 | O91: 40.6 | P91: 195 | Q91: 2251 | R91: 0.086628165
A92: 656794 | B92: Newcomb, Sean | C92: FF | D92: 29.2 | E92: 0.362 | F92: 2267 | G92: 93.65 | H92: 5.7 | I92: 1.19878 | J92: 0.43678 | K92: -0.17109 | L92: 6.53 | M92: 1.69 | N92: 0.429 | O92: 46 | P92: 1378 | Q92: 2251 | R92: 0.61217237
A93: 656794 | B93: Newcomb, Sean | C93: CH | D93: 3.2 | E93: 0.348 | F93: 1619 | G93: 86.87 | H93: 5.91 | I93: 2.28007 | J93: 0.89709 | K93: -0.70848 | L93: 6.48 | M93: 1.85 | N93: 0.472 | O93: 49.1 | P93: 151 | Q93: 2251 | R93: 0.067081297
A94: 572955 | B94: Johnson, Pierce | C94: FC | D94: 1.8 | E94: 0.365 | F94: 2589 | G94: 91.8 | H94: 5.88 | I94: 1.83118 | J94: 0.06464 | K94: -0.00845 | L94: 5.99 | M94: -2.09 | N94: 0.429 | O94: 34.5 | P94: 85 | Q94: 2226 | R94: 0.038185085
A95: 572955 | B95: Johnson, Pierce | C95: FF | D95: 11.5 | E95: 0.327 | F95: 2339 | G95: 94.55 | H95: 5.86 | I95: 1.2117 | J95: 0.89223 | K95: -0.01968 | L95: 6.07 | M95: -2.03 | N95: 0.306 | O95: 36.8 | P95: 529 | Q95: 2226 | R95: 0.237646
A96: 572955 | B96: Johnson, Pierce | C96: CU | D96: 34.7 | E96: 0.285 | F96: 2948 | G96: 84.98 | H96: 5.76 | I96: 3.46473 | J96: -0.70915 | K96: -0.09085 | L96: 6.2 | M96: -1.99 | N96: 0.392 | O96: 40.4 | P96: 1598 | Q96: 2226 | R96: 0.7178796
A97: 572955 | B97: Johnson, Pierce | C97: SL | D97: 0.3 | E97: 0.177 | F97: 2660 | G97: 88.2 | H97: 5.95 | I97: 2.81643 | J97: -0.425 | K97: -0.30786 | L97: 5.81 | M97: -2.1 | N97: 0.243 | O97: 34.4 | P97: 14 | Q97: 2226 | R97: 0.0062893082
A98: 625643 | B98: López, Reynaldo | C98: CH | D98: 0.9 | E98: 0.488 | F98: 1561 | G98: 86.67 | H98: 6.59 | I98: 2.15036 | J98: 0.85476 | K98: -0.795 | L98: 5.89 | M98: -1.78 | N98: 0.797 | O98: 41.6 | P98: 84 | Q98: 2204 | R98: 0.038112523
A99: 625643 | B99: López, Reynaldo | C99: FF | D99: 13.5 | E99: 0.344 | F99: 2075 | G99: 95.92 | H99: 6.52 | I99: 1.13016 | J99: 0.61611 | K99: -0.06509 | L99: 5.82 | M99: -1.74 | N99: 0.432 | O99: 41.6 | P99: 1213 | Q99: 2204 | R99: 0.55036298
... A108: 543521 | B108: McHugh, Collin | C108: CU | D108: 1 | E108: 0.154 | F108: 2772 | G108: 74.27 | H108: 6.58 | I108: 5.18556 | J108: -1.07578 | K108: 0.48067 | L108: 5.9 | M108: -1.82 | N108: 0.233 | O108: 39.7 | P108: 45 | Q108: 2104 | R108: 0.021387833
A109: 543521 | B109: McHugh, Collin | C109: CH | D109: 0.1 | F109: 1638 | G109: 85.5 | H109: 6.65 | I109: 2.7375 | J109: 1.145 | K109: -1.145 | L109: 5.2 | M109: -2.4 | O109: 19.9 | P109: 4 | Q109: 2104 | R109: 0.0019011407
A110: 543521 | B110: McHugh, Collin | C110: ST | D110: 23.2 | E110: 0.278 | F110: 2772 | G110: 80.43 | H110: 6.6 | I110: 3.58409 | J110: -1.34974 | K110: -0.12294 | L110: 5.14 | M110: -2.42 | N110: 0.348 | O110: 20.5 | P110: 1012 | Q110: 2104 | R110: 0.48098859
A111: 660623 | B111: Ynoa, Huascar | C111: CH | D111: 7.3 | E111: 0.27 | F111: 1836 | G111: 87.88 | H111: 6.1 | I111: 2.12856 | J111: 1.21072 | K111: -0.69412 | L111: 6.21 | M111: -1.54 | N111: 0.357 | O111: 43.4 | P111: 153 | Q111: 2090 | R111: 0.073205742
A112: 660623 | B112: Ynoa, Huascar | C112: SL | D112: 46.7 | E112: 0.252 | F112: 2406 | G112: 85.01 | H112: 6.02 | I112: 3.42359 | J112: -0.18471 | K112: -0.04527 | L112: 6.16 | M112: -1.56 | N112: 0.321 | O112: 43 | P112: 975 | Q112: 2090 | R112: 0.46650718
A113: 660623 | B113: Ynoa, Huascar | C113: SI | D113: 1.7 | E113: 0.623 | F113: 2024 | G113: 94.98 | H113: 5.94 | I113: 1.18639 | J113: 1.11056 | K113: -0.67833 | L113: 6.4 | M113: -1.1 | N113: 0.877 | O113: 49.1 | P113: 36 | Q113: 2090 | R113: 0.01722488
A114: 660623 | B114: Ynoa, Huascar | C114: FF | D114: 44.3 | E114: 0.416 | F114: 2129 | G114: 95.75 | H114: 6.03 | I114: 1.09925 | J114: 0.70216 | K114: 0.02652 | L114: 6.63 | M114: -0.9 | N114: 0.59 | O114: 55.5 | P114: 926 | Q114: 2090 | R114: 0.4430622
A115: 657053 | B115: Toussaint, Touki | C115: FF | D115: 8.6 | E115: 0.427 | F115: 2252 | G115: 95.2 | H115: 6.94 | I115: 1.47791 | J115: 0.66553 | K115: 0.08196 | L115: 5.54 | M115: -2.04 | N115: 0.571 | O115: 33 | P115: 398 | Q115: 2088 | R115: 0.19061303
A116: 657053 | B116: Toussaint, Touki | C116: SL | D116: 1 | E116: 0.709 | F116: 2294 | G116: 86.94 | H116: 7.15 | I116: 3.10745 | J116: -0.40383 | K116: -0.13574 | L116: 5.68 | M116: -2.54 | N116: 1.234 | O116: 35.5 | P116: 47 | Q116: 2088 | R116: 0.022509579
A117: 657053 | B117: Toussaint, Touki | C117: FS | D117: 9.8 | E117: 0.258 | F117: 1421 | G117: 87.81 | H117: 6.87 | I117: 2.88805 | J117: 0.68458 | K117: -0.0284 | L117: 5.58 | M117: -1.61 | N117: 0.317 | O117: 33.9 | P117: 456 | Q117: 2088 | R117: 0.2183908
A118: 657053 | B118: Toussaint, Touki | C118: CU | D118: 12.5 | E118: 0.285 | F118: 2437 | G118: 76.9 | H118: 6.69 | I118: 4.96514 | J118: -0.99076 | K118: -0.19972 | L118: 5.94 | M118: -1.42 | N118: 0.315 | O118: 43.5 | P118: 578 | Q118: 2088 | R118: 0.27681992
A119: 657053 | B119: Toussaint, Touki | C119: SI | D119: 13.1 | E119: 0.415 | F119: 2188 | G119: 93.83 | H119: 6.84 | I119: 2.06644 | J119: 1.20521 | K119: 0.35227 | L119: 5.57 | M119: -1.52 | N119: 0.53 | O119: 31.9 | P119: 609 | Q119: 2088 | R119: 0.29166667
A120: 641729 | B120: Jiménez, Joe | C120: CH | D120: 2.1 | E120: 0.249 | F120: 2182 | G120: 91.15 | H120: 7.27 | I120: 2.18893 | J120: 1.33929 | K120: -1.14161 | L120: 5.65 | M120: -2.55 | N120: 0.276 | O120: 31.8 | P120: 112 | Q120: 2025 | R120: 0.055308642
A121: 641729 | B121: Jiménez, Joe | C121: FF | D121: 20.6 | E121: 0.301 | F121: 2416 | G121: 96.35 | H121: 7.17 | I121: 1.06985 | J121: 0.75346 | K121: 0.03056 | L121: 5.81 | M121: -2.37 | N121: 0.399 | O121: 34.2 | P121: 1085 | Q121: 2025 | R121: 0.53580247
A122: 641729 | B122: Jiménez, Joe | C122: PO | D122: 0 | F122: 2272 | G122: 95.2 | H122: 7.1 | I122: 1.22 | J122: 0.61 | K122: 0.61 | L122: 5.99 | M122: -2.44 | O122: 35.2 | P122: 1 | Q122: 2025 | R122: 0.00049382716
A123: 641729 | B123: Jiménez, Joe | C123: SL | D123: 15.7 | E123: 0.247 | F123: 2183 | G123: 85.89 | H123: 7.21 | I123: 3.0351 | J123: -0.46837 | K123: -0.13037 | L123: 5.65 | M123: -2.59 | N123: 0.305 | O123: 30.9 | P123: 827 | Q123: 2025 | R123: 0.40839506
A124: 519293 | B124: Smith, Will | C124: CU | D124: 4.4 | E124: 0.433 | F124: 2003 | G124: 76.85 | H124: 6.02 | I124: 4.47032 | J124: -0.7382 | K124: 0.59866 | L124: 6.75 | M124: 1.55 | N124: 0.688 | O124: 49.6 | P124: 217 | Q124: 1986 | R124: 0.10926485
A125: 519293 | B125: Smith, Will | C125: FF | D125: 18.3 | E125: 0.365 | F125: 2221 | G125: 92.6 | H125: 6.33 | I125: 1.24215 | J125: 0.61048 | K125: -0.28798 | L125: 6.67 | M125: 1.44 | N125: 0.477 | O125: 46.8 | P125: 898 | Q125: 1986 | R125: 0.45216516
A126: 519293 | B126: Smith, Will | C126: SL | D126: 17.8 | E126: 0.208 | F126: 2303 | G126: 81.75 | H126: 6.22 | I126: 3.17255 | J126: -0.51422 | K126: 0.17142 | L126: 6.51 | M126: 1.75 | N126: 0.256 | O126: 41.9 | P126: 871 | Q126: 1986 | R126: 0.43856999
A127: 592314 | B127: Foltynewicz, Mike | C127: SI | D127: 11.9 | E127: 0.366 | F127: 2181 | G127: 94.7 | H127: 6.17 | I127: 1.71576 | J127: 1.30492 | K127: 0.35924 | L127: 5.73 | M127: -1.88 | N127: 0.482 | O127: 36.3 | P127: 500 | Q127: 1958 | R127: 0.25536261
A128: 592314 | B128: Foltynewicz, Mike | C128: CH | D128: 4.5 | E128: 0.247 | F128: 1880 | G128: 86.84 | H128: 6.39 | I128: 2.12335 | J128: 1.14394 | K128: -0.41415 | L128: 5.83 | M128: -1.79 | N128: 0.296 | O128: 44.7 | P128: 188 | Q128: 1958 | R128: 0.096016343
A129: 592314 | B129: Foltynewicz, Mike | C129: FF | D129: 12.2 | E129: 0.394 | F129: 2234 | G129: 94.54 | H129: 6.14 | I129: 1.2868 | J129: 0.75613 | K129: -0.07934 | L129: 5.83 | M129: -1.9 | N129: 0.621 | O129: 36.9 | P129: 512 | Q129: 1958 | R129: 0.26149132
A130: 592314 | B130: Foltynewicz, Mike | C130: SL | D130: 13.4 | E130: 0.291 | F130: 2441 | G130: 84.85 | H130: 5.85 | I130: 2.85691 | J130: -0.30081 | K130: -0.08757 | L130: 5.64 | M130: -2.12 | N130: 0.397 | O130: 36.6 | P130: 560 | Q130: 1958 | R130: 0.28600613
A131: 592314 | B131: Foltynewicz, Mike | C131: CU | D131: 4.7 | E131: 0.328 | F131: 2433 | G131: 78.65 | H131: 5.7 | I131: 4.01217 | J131: -0.39722 | K131: -0.09126 | L131: 6.07 | M131: -1.74 | N131: 0.456 | O131: 47.1 | P131: 198 | Q131: 1958 | R131: 0.1011236
A132: 607481 | B132: Bummer, Aaron | C132: FC | D132: 0.9 | E132: 0.306 | F132: 2363 | G132: 87.38 | H132: 6.22 | I132: 2.7166 | J132: -0.1972 | K132: -0.0516 | L132: 5.05 | M132: 2.8 | N132: 0.425 | O132: 5.5 | P132: 50 | Q132: 1906 | R132: 0.026232949
A133: 607481 | B133: Bummer, Aaron | C133: ST | D133: 10.2 | E133: 0.214 | F133: 2484 | G133: 81.91 | H133: 6.3 | I133: 3.45398 | J133: -1.25137 | K133: 0.09543 | L133: 5.23 | M133: 2.36 | N133: 0.228 | O133: 10.4 | P133: 571 | Q133: 1906 | R133: 0.29958027
A134: 607481 | B134: Bummer, Aaron | C134: SI | D134: 12.7 | E134: 0.325 | F134: 2170 | G134: 92.17 | H134: 6.36 | I134: 2.63244 | J134: 1.24084 | K134: -0.0302 | L134: 5.07 | M134: 2.39 | N134: 0.355 | O134: 5.7 | P134: 712 | Q134: 1906 | R134: 0.37355719
... A159: 489446 | B159: Yates, Kirby | C159: FF | D159: 15.5 | E159: 0.358 | F159: 2316 | G159: 93.2 | H159: 6.09 | I159: 1.4552 | J159: 1.1337 | K159: 0.06618 | L159: 5.32 | M159: -2.63 | N159: 0.481 | O159: 20.3 | P159: 638 | Q159: 1195 | R159: 0.53389121
A160: 489446 | B160: Yates, Kirby | C160: ST | D160: 0.3 | E160: 0.363 | F160: 2493 | G160: 76.16 | H160: 6.01 | I160: 4.11643 | J160: -1.27143 | K160: -0.47857 | L160: 5.3 | M160: -2.69 | O160: 19.6 | P160: 14 | Q160: 1195 | R160: 0.011715481
A161: 489446 | B161: Yates, Kirby | C161: FS | D161: 13.1 | E161: 0.294 | F161: 1335 | G161: 86.18 | H161: 6.21 | I161: 3.10481 | J161: 1.04894 | K161: 0.07612 | L161: 5.33 | M161: -2.59 | N161: 0.329 | O161: 21.2 | P161: 538 | Q161: 1195 | R161: 0.45020921
A162: 489446 | B162: Yates, Kirby | C162: PO | D162: 0 | F162: 2321 | G162: 91.65 | H162: 6.05 | I162: 1.515 | J162: 1.21 | K162: 1.21 | L162: 5.35 | M162: -2.34 | O162: 21.3 | P162: 2 | Q162: 1195 | R162: 0.0016736402
A163: 669060 | B163: Wilson, Bryse | C163: FF | D163: 8.2 | E163: 0.354 | F163: 2147 | G163: 94.45 | H163: 6.45 | I163: 1.36861 | J163: 0.6167 | K163: 0.02819 | L163: 5.51 | M163: -2.71 | N163: 0.469 | O163: 40.4 | P163: 597 | Q163: 1181 | R163: 0.50550381
...

Sheet Arsenal Profile
A1: Arsenal Similarity
A3: Classification | E3: Family Weight Matrix | W3: Player Arsenal Vectors
A4: FF | B4: Four Seam | C4: Fastball | F4: FF | G4: SI | H4: SL | I4: CU | J4: FS | K4: FC | L4: CH | M4: ST | N4: EP | O4: FA | P4: CS | Q4: SV | R4: KC | S4: FO | T4: SC | U4: KN | X4: FF | Y4: SI | Z4: SL | AA4: CU | AB4: FS | AC4: FC | AD4: CH | AE4: ST | AF4: EP | AG4: FA | AH4: CS | AI4: SV | AJ4: KC | AK4: FO | AL4: SC | AM4: KN | AN4: Norm
A5: SI | B5: Sinker/Two Seam | C5: Fastball | E5: FF | F5: =IF(F$4=$E5,1,IF(_xlfn.XLOOKUP(F$4,$A$4:$A$19,$C$4:$C$19)=_xlfn.XLOOKUP($E5,$A$4:$A$19,$C$4:$C$19),0.7,0)) -> 1 | G5: =IF(G$4=$E5,1,IF(_xlfn.XLOOKUP(G$4,$A$4:$A$19,$C$4:$C$19)=_xlfn.XLOOKUP($E5,$A$4:$A$19,$C$4:$C$19),0.7,0)) -> 0.7 | H5: =IF(H$4=$E5,1,IF(_xlfn.XLOOKUP(H$4,$A$4:$A$19,$C$4:$C$19)=_xlfn.XLOOKUP($E5,$A$4:$A$19,$C$4:$C$19),0.7,0)) -> 0 | I5: =IF(I$4=$E5,1,IF(_xlfn.XLOOKUP(I$4,$A$4:$A$19,$C$4:$C$19)=_xlfn.XLOOKUP($E5,$A$4:$A$19,$C$4:$C$19),0.7,0)) -> 0 | J5: =IF(J$4=$E5,1,IF(_xlfn.XLOOKUP(J$4,$A$4:$A$19,$C$4:$C$19)=_xlfn.XLOOKUP($E5,$A$4:$A$19,$C$4:$C$19),0.7,0)) -> 0 | K5: =IF(K$4=$E5,1,IF(_xlfn.XLOOKUP(K$4,$A$4:$A$19,$C$4:$C$19)=_xlfn.XLOOKUP($E5,$A$4:$A$19,$C$4:$C$19),0.7,0)) -> 0.7 | L5: =IF(L$4=$E5,1,IF(_xlfn.XLOOKUP(L$4,$A$4:$A$19,$C$4:$C$19)=_xlfn.XLOOKUP($E5,$A$4:$A$19,$C$4:$C$19),0.7,0)) -> 0 | M5: =IF(M$4=$E5,1,IF(_xlfn.XLOOKUP(M$4,$A$4:$A$19,$C$4:$C$19)=_xlfn.XLOOKUP($E5,$A$4:$A$19,$C$4:$C$19),0.7,0)) -> 0 | ... U5: =IF(U$4=$E5,1,IF(_xlfn.XLOOKUP(U$4,$A$4:$A$19,$C$4:$C$19)=_xlfn.XLOOKUP($E5,$A$4:$A$19,$C$4:$C$19),0.7,0)) -> 0 | W5: {=_xlfn.UNIQUE(braves_19_25__2[player_name])} -> Fried, Max | X5: {=IFERROR(_xlfn.XLOOKUP($W5&X$4,braves_19_25!$B:$B&braves_19_25!$C:$C,braves_19_25!$R:$R),0)} -> 0.38206673 | Y5: {=IFERROR(_xlfn.XLOOKUP($W5&Y$4,braves_19_25!$B:$B&braves_19_25!$C:$C,braves_19_25!$R:$R),0)} -> 0.11584801 | Z5: {=IFERROR(_xlfn.XLOOKUP($W5&Z$4,braves_19_25!$B:$B&braves_19_25!$C:$C,braves_19_25!$R:$R),0)} -> 0.14836268 | AA5: {=IFERROR(_xlfn.XLOOKUP($W5&AA$4,braves_19_25!$B:$B&braves_19_25!$C:$C,braves_19_25!$R:$R),0)} -> 0.23084646 | AB5: {=IFERROR(_xlfn.XLOOKUP($W5&AB$4,braves_19_25!$B:$B&braves_19_25!$C:$C,braves_19_25!$R:$R),0)} -> 0 | AC5: {=IFERROR(_xlfn.XLOOKUP($W5&AC$4,braves_19_25!$B:$B&braves_19_25!$C:$C,braves_19_25!$R:$R),0)} -> 0.015600865 | AD5: {=IFERROR(_xlfn.XLOOKUP($W5&AD$4,braves_19_25!$B:$B&braves_19_25!$C:$C,braves_19_25!$R:$R),0)} -> 0.08819895 | AE5: {=IFERROR(_xlfn.XLOOKUP($W5&AE$4,braves_19_25!$B:$B&braves_19_25!$C:$C,braves_19_25!$R:$R),0)} -> 0.019076305 | ... AM5: {=IFERROR(_xlfn.XLOOKUP($W5&AM$4,braves_19_25!$B:$B&braves_19_25!$C:$C,braves_19_25!$R:$R),0)} -> 0 | AN5: {=SQRT( MMULT( MMULT( $X5:$AM5, $F$5:$U$20 ), TRANSPOSE($X5:$AM5) ) )} -> 0.56558586
A6: SL | B6: Slider | C6: Hbreak | E6: SI | F6: =IF(F$4=$E6,1,IF(_xlfn.XLOOKUP(F$4,$A$4:$A$19,$C$4:$C$19)=_xlfn.XLOOKUP($E6,$A$4:$A$19,$C$4:$C$19),0.7,0)) -> 0.7 | G6: =IF(G$4=$E6,1,IF(_xlfn.XLOOKUP(G$4,$A$4:$A$19,$C$4:$C$19)=_xlfn.XLOOKUP($E6,$A$4:$A$19,$C$4:$C$19),0.7,0)) -> 1 | H6: =IF(H$4=$E6,1,IF(_xlfn.XLOOKUP(H$4,$A$4:$A$19,$C$4:$C$19)=_xlfn.XLOOKUP($E6,$A$4:$A$19,$C$4:$C$19),0.7,0)) -> 0 | I6: =IF(I$4=$E6,1,IF(_xlfn.XLOOKUP(I$4,$A$4:$A$19,$C$4:$C$19)=_xlfn.XLOOKUP($E6,$A$4:$A$19,$C$4:$C$19),0.7,0)) -> 0 | J6: =IF(J$4=$E6,1,IF(_xlfn.XLOOKUP(J$4,$A$4:$A$19,$C$4:$C$19)=_xlfn.XLOOKUP($E6,$A$4:$A$19,$C$4:$C$19),0.7,0)) -> 0 | K6: =IF(K$4=$E6,1,IF(_xlfn.XLOOKUP(K$4,$A$4:$A$19,$C$4:$C$19)=_xlfn.XLOOKUP($E6,$A$4:$A$19,$C$4:$C$19),0.7,0)) -> 0.7 | L6: =IF(L$4=$E6,1,IF(_xlfn.XLOOKUP(L$4,$A$4:$A$19,$C$4:$C$19)=_xlfn.XLOOKUP($E6,$A$4:$A$19,$C$4:$C$19),0.7,0)) -> 0 | M6: =IF(M$4=$E6,1,IF(_xlfn.XLOOKUP(M$4,$A$4:$A$19,$C$4:$C$19)=_xlfn.XLOOKUP($E6,$A$4:$A$19,$C$4:$C$19),0.7,0)) -> 0 | ... U6: =IF(U$4=$E6,1,IF(_xlfn.XLOOKUP(U$4,$A$4:$A$19,$C$4:$C$19)=_xlfn.XLOOKUP($E6,$A$4:$A$19,$C$4:$C$19),0.7,0)) -> 0 | W6: Morton, Charlie | X6: {=IFERROR(_xlfn.XLOOKUP($W6&X$4,braves_19_25!$B:$B&braves_19_25!$C:$C,braves_19_25!$R:$R),0)} -> 0.32825221 | Y6: {=IFERROR(_xlfn.XLOOKUP($W6&Y$4,braves_19_25!$B:$B&braves_19_25!$C:$C,braves_19_25!$R:$R),0)} -> 0.10029447 | Z6: {=IFERROR(_xlfn.XLOOKUP($W6&Z$4,braves_19_25!$B:$B&braves_19_25!$C:$C,braves_19_25!$R:$R),0)} -> 0 | AA6: {=IFERROR(_xlfn.XLOOKUP($W6&AA$4,braves_19_25!$B:$B&braves_19_25!$C:$C,braves_19_25!$R:$R),0)} -> 0.40039841 | AB6: {=IFERROR(_xlfn.XLOOKUP($W6&AB$4,braves_19_25!$B:$B&braves_19_25!$C:$C,braves_19_25!$R:$R),0)} -> 0 | AC6: {=IFERROR(_xlfn.XLOOKUP($W6&AC$4,braves_19_25!$B:$B&braves_19_25!$C:$C,braves_19_25!$R:$R),0)} -> 0.083925169 | AD6: {=IFERROR(_xlfn.XLOOKUP($W6&AD$4,braves_19_25!$B:$B&braves_19_25!$C:$C,braves_19_25!$R:$R),0)} -> 0.087129742 | AE6: {=IFERROR(_xlfn.XLOOKUP($W6&AE$4,braves_19_25!$B:$B&braves_19_25!$C:$C,braves_19_25!$R:$R),0)} -> 0 | ... AM6: {=IFERROR(_xlfn.XLOOKUP($W6&AM$4,braves_19_25!$B:$B&braves_19_25!$C:$C,braves_19_25!$R:$R),0)} -> 0 | AN6: {=SQRT( MMULT( MMULT( $X6:$AM6, $F$5:$U$20 ), TRANSPOSE($X6:$AM6) ) )} -> 0.62386315
A7: CU | B7: Curveball | C7: Vbreak | E7: SL | F7: =IF(F$4=$E7,1,IF(_xlfn.XLOOKUP(F$4,$A$4:$A$19,$C$4:$C$19)=_xlfn.XLOOKUP($E7,$A$4:$A$19,$C$4:$C$19),0.7,0)) -> 0 | G7: =IF(G$4=$E7,1,IF(_xlfn.XLOOKUP(G$4,$A$4:$A$19,$C$4:$C$19)=_xlfn.XLOOKUP($E7,$A$4:$A$19,$C$4:$C$19),0.7,0)) -> 0 | H7: =IF(H$4=$E7,1,IF(_xlfn.XLOOKUP(H$4,$A$4:$A$19,$C$4:$C$19)=_xlfn.XLOOKUP($E7,$A$4:$A$19,$C$4:$C$19),0.7,0)) -> 1 | I7: =IF(I$4=$E7,1,IF(_xlfn.XLOOKUP(I$4,$A$4:$A$19,$C$4:$C$19)=_xlfn.XLOOKUP($E7,$A$4:$A$19,$C$4:$C$19),0.7,0)) -> 0 | J7: =IF(J$4=$E7,1,IF(_xlfn.XLOOKUP(J$4,$A$4:$A$19,$C$4:$C$19)=_xlfn.XLOOKUP($E7,$A$4:$A$19,$C$4:$C$19),0.7,0)) -> 0 | K7: =IF(K$4=$E7,1,IF(_xlfn.XLOOKUP(K$4,$A$4:$A$19,$C$4:$C$19)=_xlfn.XLOOKUP($E7,$A$4:$A$19,$C$4:$C$19),0.7,0)) -> 0 | L7: =IF(L$4=$E7,1,IF(_xlfn.XLOOKUP(L$4,$A$4:$A$19,$C$4:$C$19)=_xlfn.XLOOKUP($E7,$A$4:$A$19,$C$4:$C$19),0.7,0)) -> 0 | M7: =IF(M$4=$E7,1,IF(_xlfn.XLOOKUP(M$4,$A$4:$A$19,$C$4:$C$19)=_xlfn.XLOOKUP($E7,$A$4:$A$19,$C$4:$C$19),0.7,0)) -> 0.7 | ... U7: =IF(U$4=$E7,1,IF(_xlfn.XLOOKUP(U$4,$A$4:$A$19,$C$4:$C$19)=_xlfn.XLOOKUP($E7,$A$4:$A$19,$C$4:$C$19),0.7,0)) -> 0 | W7: Strider, Spencer | X7: {=IFERROR(_xlfn.XLOOKUP($W7&X$4,braves_19_25!$B:$B&braves_19_25!$C:$C,braves_19_25!$R:$R),0)} -> 0.59106841 | Y7: {=IFERROR(_xlfn.XLOOKUP($W7&Y$4,braves_19_25!$B:$B&braves_19_25!$C:$C,braves_19_25!$R:$R),0)} -> 0 | Z7: {=IFERROR(_xlfn.XLOOKUP($W7&Z$4,braves_19_25!$B:$B&braves_19_25!$C:$C,braves_19_25!$R:$R),0)} -> 0.3246787 | AA7: {=IFERROR(_xlfn.XLOOKUP($W7&AA$4,braves_19_25!$B:$B&braves_19_25!$C:$C,braves_19_25!$R:$R),0)} -> 0.027132286 | AB7: {=IFERROR(_xlfn.XLOOKUP($W7&AB$4,braves_19_25!$B:$B&braves_19_25!$C:$C,braves_19_25!$R:$R),0)} -> 0 | AC7: {=IFERROR(_xlfn.XLOOKUP($W7&AC$4,braves_19_25!$B:$B&braves_19_25!$C:$C,braves_19_25!$R:$R),0)} -> 0 | AD7: {=IFERROR(_xlfn.XLOOKUP($W7&AD$4,braves_19_25!$B:$B&braves_19_25!$C:$C,braves_19_25!$R:$R),0)} -> 0.056990783 | AE7: {=IFERROR(_xlfn.XLOOKUP($W7&AE$4,braves_19_25!$B:$B&braves_19_25!$C:$C,braves_19_25!$R:$R),0)} -> 0 | ... AM7: {=IFERROR(_xlfn.XLOOKUP($W7&AM$4,braves_19_25!$B:$B&braves_19_25!$C:$C,braves_19_25!$R:$R),0)} -> 0 | AN7: {=SQRT( MMULT( MMULT( $X7:$AM7, $F$5:$U$20 ), TRANSPOSE($X7:$AM7) ) )} -> 0.67731989
A8: FS | B8: Split Finger | C8: Offspeed | E8: CU | F8: =IF(F$4=$E8,1,IF(_xlfn.XLOOKUP(F$4,$A$4:$A$19,$C$4:$C$19)=_xlfn.XLOOKUP($E8,$A$4:$A$19,$C$4:$C$19),0.7,0)) -> 0 | G8: =IF(G$4=$E8,1,IF(_xlfn.XLOOKUP(G$4,$A$4:$A$19,$C$4:$C$19)=_xlfn.XLOOKUP($E8,$A$4:$A$19,$C$4:$C$19),0.7,0)) -> 0 | H8: =IF(H$4=$E8,1,IF(_xlfn.XLOOKUP(H$4,$A$4:$A$19,$C$4:$C$19)=_xlfn.XLOOKUP($E8,$A$4:$A$19,$C$4:$C$19),0.7,0)) -> 0 | I8: =IF(I$4=$E8,1,IF(_xlfn.XLOOKUP(I$4,$A$4:$A$19,$C$4:$C$19)=_xlfn.XLOOKUP($E8,$A$4:$A$19,$C$4:$C$19),0.7,0)) -> 1 | J8: =IF(J$4=$E8,1,IF(_xlfn.XLOOKUP(J$4,$A$4:$A$19,$C$4:$C$19)=_xlfn.XLOOKUP($E8,$A$4:$A$19,$C$4:$C$19),0.7,0)) -> 0 | K8: =IF(K$4=$E8,1,IF(_xlfn.XLOOKUP(K$4,$A$4:$A$19,$C$4:$C$19)=_xlfn.XLOOKUP($E8,$A$4:$A$19,$C$4:$C$19),0.7,0)) -> 0 | L8: =IF(L$4=$E8,1,IF(_xlfn.XLOOKUP(L$4,$A$4:$A$19,$C$4:$C$19)=_xlfn.XLOOKUP($E8,$A$4:$A$19,$C$4:$C$19),0.7,0)) -> 0 | M8: =IF(M$4=$E8,1,IF(_xlfn.XLOOKUP(M$4,$A$4:$A$19,$C$4:$C$19)=_xlfn.XLOOKUP($E8,$A$4:$A$19,$C$4:$C$19),0.7,0)) -> 0 | ... U8: =IF(U$4=$E8,1,IF(_xlfn.XLOOKUP(U$4,$A$4:$A$19,$C$4:$C$19)=_xlfn.XLOOKUP($E8,$A$4:$A$19,$C$4:$C$19),0.7,0)) -> 0 | W8: Elder, Bryce | X8: {=IFERROR(_xlfn.XLOOKUP($W8&X$4,braves_19_25!$B:$B&braves_19_25!$C:$C,braves_19_25!$R:$R),0)} -> 0.13183099 | Y8: {=IFERROR(_xlfn.XLOOKUP($W8&Y$4,braves_19_25!$B:$B&braves_19_25!$C:$C,braves_19_25!$R:$R),0)} -> 0.40619718 | Z8: {=IFERROR(_xlfn.XLOOKUP($W8&Z$4,braves_19_25!$B:$B&braves_19_25!$C:$C,braves_19_25!$R:$R),0)} -> 0.33760563 | AA8: {=IFERROR(_xlfn.XLOOKUP($W8&AA$4,braves_19_25!$B:$B&braves_19_25!$C:$C,braves_19_25!$R:$R),0)} -> 0 | AB8: {=IFERROR(_xlfn.XLOOKUP($W8&AB$4,braves_19_25!$B:$B&braves_19_25!$C:$C,braves_19_25!$R:$R),0)} -> 0 | AC8: {=IFERROR(_xlfn.XLOOKUP($W8&AC$4,braves_19_25!$B:$B&braves_19_25!$C:$C,braves_19_25!$R:$R),0)} -> 0.00014084507 | AD8: {=IFERROR(_xlfn.XLOOKUP($W8&AD$4,braves_19_25!$B:$B&braves_19_25!$C:$C,braves_19_25!$R:$R),0)} -> 0.12422535 | AE8: {=IFERROR(_xlfn.XLOOKUP($W8&AE$4,braves_19_25!$B:$B&braves_19_25!$C:$C,braves_19_25!$R:$R),0)} -> 0 | ... AM8: {=IFERROR(_xlfn.XLOOKUP($W8&AM$4,braves_19_25!$B:$B&braves_19_25!$C:$C,braves_19_25!$R:$R),0)} -> 0 | AN8: {=SQRT( MMULT( MMULT( $X8:$AM8, $F$5:$U$20 ), TRANSPOSE($X8:$AM8) ) )} -> 0.62198095
A9: FC | B9: Cutter | C9: Fastball | E9: FS | F9: =IF(F$4=$E9,1,IF(_xlfn.XLOOKUP(F$4,$A$4:$A$19,$C$4:$C$19)=_xlfn.XLOOKUP($E9,$A$4:$A$19,$C$4:$C$19),0.7,0)) -> 0 | G9: =IF(G$4=$E9,1,IF(_xlfn.XLOOKUP(G$4,$A$4:$A$19,$C$4:$C$19)=_xlfn.XLOOKUP($E9,$A$4:$A$19,$C$4:$C$19),0.7,0)) -> 0 | H9: =IF(H$4=$E9,1,IF(_xlfn.XLOOKUP(H$4,$A$4:$A$19,$C$4:$C$19)=_xlfn.XLOOKUP($E9,$A$4:$A$19,$C$4:$C$19),0.7,0)) -> 0 | I9: =IF(I$4=$E9,1,IF(_xlfn.XLOOKUP(I$4,$A$4:$A$19,$C$4:$C$19)=_xlfn.XLOOKUP($E9,$A$4:$A$19,$C$4:$C$19),0.7,0)) -> 0 | J9: =IF(J$4=$E9,1,IF(_xlfn.XLOOKUP(J$4,$A$4:$A$19,$C$4:$C$19)=_xlfn.XLOOKUP($E9,$A$4:$A$19,$C$4:$C$19),0.7,0)) -> 1 | K9: =IF(K$4=$E9,1,IF(_xlfn.XLOOKUP(K$4,$A$4:$A$19,$C$4:$C$19)=_xlfn.XLOOKUP($E9,$A$4:$A$19,$C$4:$C$19),0.7,0)) -> 0 | L9: =IF(L$4=$E9,1,IF(_xlfn.XLOOKUP(L$4,$A$4:$A$19,$C$4:$C$19)=_xlfn.XLOOKUP($E9,$A$4:$A$19,$C$4:$C$19),0.7,0)) -> 0.7 | M9: =IF(M$4=$E9,1,IF(_xlfn.XLOOKUP(M$4,$A$4:$A$19,$C$4:$C$19)=_xlfn.XLOOKUP($E9,$A$4:$A$19,$C$4:$C$19),0.7,0)) -> 0 | ... U9: =IF(U$4=$E9,1,IF(_xlfn.XLOOKUP(U$4,$A$4:$A$19,$C$4:$C$19)=_xlfn.XLOOKUP($E9,$A$4:$A$19,$C$4:$C$19),0.7,0)) -> 0 | W9: Sale, Chris | X9: {=IFERROR(_xlfn.XLOOKUP($W9&X$4,braves_19_25!$B:$B&braves_19_25!$C:$C,braves_19_25!$R:$R),0)} -> 0.39661577 | Y9: {=IFERROR(_xlfn.XLOOKUP($W9&Y$4,braves_19_25!$B:$B&braves_19_25!$C:$C,braves_19_25!$R:$R),0)} -> 0.056747833 | Z9: {=IFERROR(_xlfn.XLOOKUP($W9&Z$4,braves_19_25!$B:$B&braves_19_25!$C:$C,braves_19_25!$R:$R),0)} -> 0.43231531 | AA9: {=IFERROR(_xlfn.XLOOKUP($W9&AA$4,braves_19_25!$B:$B&braves_19_25!$C:$C,braves_19_25!$R:$R),0)} -> 0 | AB9: {=IFERROR(_xlfn.XLOOKUP($W9&AB$4,braves_19_25!$B:$B&braves_19_25!$C:$C,braves_19_25!$R:$R),0)} -> 0 | AC9: {=IFERROR(_xlfn.XLOOKUP($W9&AC$4,braves_19_25!$B:$B&braves_19_25!$C:$C,braves_19_25!$R:$R),0)} -> 0 | AD9: {=IFERROR(_xlfn.XLOOKUP($W9&AD$4,braves_19_25!$B:$B&braves_19_25!$C:$C,braves_19_25!$R:$R),0)} -> 0.11432109 | AE9: {=IFERROR(_xlfn.XLOOKUP($W9&AE$4,braves_19_25!$B:$B&braves_19_25!$C:$C,braves_19_25!$R:$R),0)} -> 0 | ... AM9: {=IFERROR(_xlfn.XLOOKUP($W9&AM$4,braves_19_25!$B:$B&braves_19_25!$C:$C,braves_19_25!$R:$R),0)} -> 0 | AN9: {=SQRT( MMULT( MMULT( $X9:$AM9, $F$5:$U$20 ), TRANSPOSE($X9:$AM9) ) )} -> 0.62609915
A10: CH | B10: Changeup | C10: Offspeed | E10: FC | F10: =IF(F$4=$E10,1,IF(_xlfn.XLOOKUP(F$4,$A$4:$A$19,$C$4:$C$19)=_xlfn.XLOOKUP($E10,$A$4:$A$19,$C$4:$C$19),0.7,0)) -> 0.7 | G10: =IF(G$4=$E10,1,IF(_xlfn.XLOOKUP(G$4,$A$4:$A$19,$C$4:$C$19)=_xlfn.XLOOKUP($E10,$A$4:$A$19,$C$4:$C$19),0.7,0)) -> 0.7 | H10: =IF(H$4=$E10,1,IF(_xlfn.XLOOKUP(H$4,$A$4:$A$19,$C$4:$C$19)=_xlfn.XLOOKUP($E10,$A$4:$A$19,$C$4:$C$19),0.7,0)) -> 0 | I10: =IF(I$4=$E10,1,IF(_xlfn.XLOOKUP(I$4,$A$4:$A$19,$C$4:$C$19)=_xlfn.XLOOKUP($E10,$A$4:$A$19,$C$4:$C$19),0.7,0)) -> 0 | J10: =IF(J$4=$E10,1,IF(_xlfn.XLOOKUP(J$4,$A$4:$A$19,$C$4:$C$19)=_xlfn.XLOOKUP($E10,$A$4:$A$19,$C$4:$C$19),0.7,0)) -> 0 | K10: =IF(K$4=$E10,1,IF(_xlfn.XLOOKUP(K$4,$A$4:$A$19,$C$4:$C$19)=_xlfn.XLOOKUP($E10,$A$4:$A$19,$C$4:$C$19),0.7,0)) -> 1 | L10: =IF(L$4=$E10,1,IF(_xlfn.XLOOKUP(L$4,$A$4:$A$19,$C$4:$C$19)=_xlfn.XLOOKUP($E10,$A$4:$A$19,$C$4:$C$19),0.7,0)) -> 0 | M10: =IF(M$4=$E10,1,IF(_xlfn.XLOOKUP(M$4,$A$4:$A$19,$C$4:$C$19)=_xlfn.XLOOKUP($E10,$A$4:$A$19,$C$4:$C$19),0.7,0)) -> 0 | ... U10: =IF(U$4=$E10,1,IF(_xlfn.XLOOKUP(U$4,$A$4:$A$19,$C$4:$C$19)=_xlfn.XLOOKUP($E10,$A$4:$A$19,$C$4:$C$19),0.7,0)) -> 0 | W10: Anderson, Ian | X10: {=IFERROR(_xlfn.XLOOKUP($W10&X$4,braves_19_25!$B:$B&braves_19_25!$C:$C,braves_19_25!$R:$R),0)} -> 0.4748474 | Y10: {=IFERROR(_xlfn.XLOOKUP($W10&Y$4,braves_19_25!$B:$B&braves_19_25!$C:$C,braves_19_25!$R:$R),0)} -> 0.002736266 | Z10: {=IFERROR(_xlfn.XLOOKUP($W10&Z$4,braves_19_25!$B:$B&braves_19_25!$C:$C,braves_19_25!$R:$R),0)} -> 0 | AA10: {=IFERROR(_xlfn.XLOOKUP($W10&AA$4,braves_19_25!$B:$B&braves_19_25!$C:$C,braves_19_25!$R:$R),0)} -> 0.19364344 | AB10: {=IFERROR(_xlfn.XLOOKUP($W10&AB$4,braves_19_25!$B:$B&braves_19_25!$C:$C,braves_19_25!$R:$R),0)} -> 0 | AC10: {=IFERROR(_xlfn.XLOOKUP($W10&AC$4,braves_19_25!$B:$B&braves_19_25!$C:$C,braves_19_25!$R:$R),0)} -> 0 | AD10: {=IFERROR(_xlfn.XLOOKUP($W10&AD$4,braves_19_25!$B:$B&braves_19_25!$C:$C,braves_19_25!$R:$R),0)} -> 0.32182698 | AE10: {=IFERROR(_xlfn.XLOOKUP($W10&AE$4,braves_19_25!$B:$B&braves_19_25!$C:$C,braves_19_25!$R:$R),0)} -> 0.0069459061 | ... AM10: {=IFERROR(_xlfn.XLOOKUP($W10&AM$4,braves_19_25!$B:$B&braves_19_25!$C:$C,braves_19_25!$R:$R),0)} -> 0 | AN10: {=SQRT( MMULT( MMULT( $X10:$AM10, $F$5:$U$20 ), TRANSPOSE($X10:$AM10) ) )} -> 0.6069804
A11: ST | B11: Sweeper | C11: Hbreak | E11: CH | F11: =IF(F$4=$E11,1,IF(_xlfn.XLOOKUP(F$4,$A$4:$A$19,$C$4:$C$19)=_xlfn.XLOOKUP($E11,$A$4:$A$19,$C$4:$C$19),0.7,0)) -> 0 | G11: =IF(G$4=$E11,1,IF(_xlfn.XLOOKUP(G$4,$A$4:$A$19,$C$4:$C$19)=_xlfn.XLOOKUP($E11,$A$4:$A$19,$C$4:$C$19),0.7,0)) -> 0 | H11: =IF(H$4=$E11,1,IF(_xlfn.XLOOKUP(H$4,$A$4:$A$19,$C$4:$C$19)=_xlfn.XLOOKUP($E11,$A$4:$A$19,$C$4:$C$19),0.7,0)) -> 0 | I11: =IF(I$4=$E11,1,IF(_xlfn.XLOOKUP(I$4,$A$4:$A$19,$C$4:$C$19)=_xlfn.XLOOKUP($E11,$A$4:$A$19,$C$4:$C$19),0.7,0)) -> 0 | J11: =IF(J$4=$E11,1,IF(_xlfn.XLOOKUP(J$4,$A$4:$A$19,$C$4:$C$19)=_xlfn.XLOOKUP($E11,$A$4:$A$19,$C$4:$C$19),0.7,0)) -> 0.7 | K11: =IF(K$4=$E11,1,IF(_xlfn.XLOOKUP(K$4,$A$4:$A$19,$C$4:$C$19)=_xlfn.XLOOKUP($E11,$A$4:$A$19,$C$4:$C$19),0.7,0)) -> 0 | L11: =IF(L$4=$E11,1,IF(_xlfn.XLOOKUP(L$4,$A$4:$A$19,$C$4:$C$19)=_xlfn.XLOOKUP($E11,$A$4:$A$19,$C$4:$C$19),0.7,0)) -> 1 | M11: =IF(M$4=$E11,1,IF(_xlfn.XLOOKUP(M$4,$A$4:$A$19,$C$4:$C$19)=_xlfn.XLOOKUP($E11,$A$4:$A$19,$C$4:$C$19),0.7,0)) -> 0 | ... U11: =IF(U$4=$E11,1,IF(_xlfn.XLOOKUP(U$4,$A$4:$A$19,$C$4:$C$19)=_xlfn.XLOOKUP($E11,$A$4:$A$19,$C$4:$C$19),0.7,0)) -> 0 | W11: Minter, A.J. | X11: {=IFERROR(_xlfn.XLOOKUP($W11&X$4,braves_19_25!$B:$B&braves_19_25!$C:$C,braves_19_25!$R:$R),0)} -> 0.45213 | Y11: {=IFERROR(_xlfn.XLOOKUP($W11&Y$4,braves_19_25!$B:$B&braves_19_25!$C:$C,braves_19_25!$R:$R),0)} -> 0 | Z11: {=IFERROR(_xlfn.XLOOKUP($W11&Z$4,braves_19_25!$B:$B&braves_19_25!$C:$C,braves_19_25!$R:$R),0)} -> 0 | AA11: {=IFERROR(_xlfn.XLOOKUP($W11&AA$4,braves_19_25!$B:$B&braves_19_25!$C:$C,braves_19_25!$R:$R),0)} -> 0 | AB11: {=IFERROR(_xlfn.XLOOKUP($W11&AB$4,braves_19_25!$B:$B&braves_19_25!$C:$C,braves_19_25!$R:$R),0)} -> 0 | AC11: {=IFERROR(_xlfn.XLOOKUP($W11&AC$4,braves_19_25!$B:$B&braves_19_25!$C:$C,braves_19_25!$R:$R),0)} -> 0.38801054 | AD11: {=IFERROR(_xlfn.XLOOKUP($W11&AD$4,braves_19_25!$B:$B&braves_19_25!$C:$C,braves_19_25!$R:$R),0)} -> 0.15985946 | AE11: {=IFERROR(_xlfn.XLOOKUP($W11&AE$4,braves_19_25!$B:$B&braves_19_25!$C:$C,braves_19_25!$R:$R),0)} -> 0 | ... AM11: {=IFERROR(_xlfn.XLOOKUP($W11&AM$4,braves_19_25!$B:$B&braves_19_25!$C:$C,braves_19_25!$R:$R),0)} -> 0 | AN11: {=SQRT( MMULT( MMULT( $X11:$AM11, $F$5:$U$20 ), TRANSPOSE($X11:$AM11) ) )} -> 0.79128531
A12: EP | B12: Eephus | C12: Other | E12: ST | F12: =IF(F$4=$E12,1,IF(_xlfn.XLOOKUP(F$4,$A$4:$A$19,$C$4:$C$19)=_xlfn.XLOOKUP($E12,$A$4:$A$19,$C$4:$C$19),0.7,0)) -> 0 | G12: =IF(G$4=$E12,1,IF(_xlfn.XLOOKUP(G$4,$A$4:$A$19,$C$4:$C$19)=_xlfn.XLOOKUP($E12,$A$4:$A$19,$C$4:$C$19),0.7,0)) -> 0 | H12: =IF(H$4=$E12,1,IF(_xlfn.XLOOKUP(H$4,$A$4:$A$19,$C$4:$C$19)=_xlfn.XLOOKUP($E12,$A$4:$A$19,$C$4:$C$19),0.7,0)) -> 0.7 | I12: =IF(I$4=$E12,1,IF(_xlfn.XLOOKUP(I$4,$A$4:$A$19,$C$4:$C$19)=_xlfn.XLOOKUP($E12,$A$4:$A$19,$C$4:$C$19),0.7,0)) -> 0 | J12: =IF(J$4=$E12,1,IF(_xlfn.XLOOKUP(J$4,$A$4:$A$19,$C$4:$C$19)=_xlfn.XLOOKUP($E12,$A$4:$A$19,$C$4:$C$19),0.7,0)) -> 0 | K12: =IF(K$4=$E12,1,IF(_xlfn.XLOOKUP(K$4,$A$4:$A$19,$C$4:$C$19)=_xlfn.XLOOKUP($E12,$A$4:$A$19,$C$4:$C$19),0.7,0)) -> 0 | L12: =IF(L$4=$E12,1,IF(_xlfn.XLOOKUP(L$4,$A$4:$A$19,$C$4:$C$19)=_xlfn.XLOOKUP($E12,$A$4:$A$19,$C$4:$C$19),0.7,0)) -> 0 | M12: =IF(M$4=$E12,1,IF(_xlfn.XLOOKUP(M$4,$A$4:$A$19,$C$4:$C$19)=_xlfn.XLOOKUP($E12,$A$4:$A$19,$C$4:$C$19),0.7,0)) -> 1 | ... U12: =IF(U$4=$E12,1,IF(_xlfn.XLOOKUP(U$4,$A$4:$A$19,$C$4:$C$19)=_xlfn.XLOOKUP($E12,$A$4:$A$19,$C$4:$C$19),0.7,0)) -> 0 | W12: Wright, Kyle | X12: {=IFERROR(_xlfn.XLOOKUP($W12&X$4,braves_19_25!$B:$B&braves_19_25!$C:$C,braves_19_25!$R:$R),0)} -> 0.20491244 | Y12: {=IFERROR(_xlfn.XLOOKUP($W12&Y$4,braves_19_25!$B:$B&braves_19_25!$C:$C,braves_19_25!$R:$R),0)} -> 0.24857858 | Z12: {=IFERROR(_xlfn.XLOOKUP($W12&Z$4,braves_19_25!$B:$B&braves_19_25!$C:$C,braves_19_25!$R:$R),0)} -> 0.11030248 | AA12: {=IFERROR(_xlfn.XLOOKUP($W12&AA$4,braves_19_25!$B:$B&braves_19_25!$C:$C,braves_19_25!$R:$R),0)} -> 0 | AB12: {=IFERROR(_xlfn.XLOOKUP($W12&AB$4,braves_19_25!$B:$B&braves_19_25!$C:$C,braves_19_25!$R:$R),0)} -> 0 | AC12: {=IFERROR(_xlfn.XLOOKUP($W12&AC$4,braves_19_25!$B:$B&braves_19_25!$C:$C,braves_19_25!$R:$R),0)} -> 0 | AD12: {=IFERROR(_xlfn.XLOOKUP($W12&AD$4,braves_19_25!$B:$B&braves_19_25!$C:$C,braves_19_25!$R:$R),0)} -> 0.13236297 | AE12: {=IFERROR(_xlfn.XLOOKUP($W12&AE$4,braves_19_25!$B:$B&braves_19_25!$C:$C,braves_19_25!$R:$R),0)} -> 0 | ... AM12: {=IFERROR(_xlfn.XLOOKUP($W12&AM$4,braves_19_25!$B:$B&braves_19_25!$C:$C,braves_19_25!$R:$R),0)} -> 0 | AN12: {=SQRT( MMULT( MMULT( $X12:$AM12, $F$5:$U$20 ), TRANSPOSE($X12:$AM12) ) )} -> 0.54506833
A13: FA | B13: Unknown | C13: Other | E13: EP | F13: =IF(F$4=$E13,1,IF(_xlfn.XLOOKUP(F$4,$A$4:$A$19,$C$4:$C$19)=_xlfn.XLOOKUP($E13,$A$4:$A$19,$C$4:$C$19),0.7,0)) -> 0 | G13: =IF(G$4=$E13,1,IF(_xlfn.XLOOKUP(G$4,$A$4:$A$19,$C$4:$C$19)=_xlfn.XLOOKUP($E13,$A$4:$A$19,$C$4:$C$19),0.7,0)) -> 0 | H13: =IF(H$4=$E13,1,IF(_xlfn.XLOOKUP(H$4,$A$4:$A$19,$C$4:$C$19)=_xlfn.XLOOKUP($E13,$A$4:$A$19,$C$4:$C$19),0.7,0)) -> 0 | I13: =IF(I$4=$E13,1,IF(_xlfn.XLOOKUP(I$4,$A$4:$A$19,$C$4:$C$19)=_xlfn.XLOOKUP($E13,$A$4:$A$19,$C$4:$C$19),0.7,0)) -> 0 | J13: =IF(J$4=$E13,1,IF(_xlfn.XLOOKUP(J$4,$A$4:$A$19,$C$4:$C$19)=_xlfn.XLOOKUP($E13,$A$4:$A$19,$C$4:$C$19),0.7,0)) -> 0 | K13: =IF(K$4=$E13,1,IF(_xlfn.XLOOKUP(K$4,$A$4:$A$19,$C$4:$C$19)=_xlfn.XLOOKUP($E13,$A$4:$A$19,$C$4:$C$19),0.7,0)) -> 0 | L13: =IF(L$4=$E13,1,IF(_xlfn.XLOOKUP(L$4,$A$4:$A$19,$C$4:$C$19)=_xlfn.XLOOKUP($E13,$A$4:$A$19,$C$4:$C$19),0.7,0)) -> 0 | M13: =IF(M$4=$E13,1,IF(_xlfn.XLOOKUP(M$4,$A$4:$A$19,$C$4:$C$19)=_xlfn.XLOOKUP($E13,$A$4:$A$19,$C$4:$C$19),0.7,0)) -> 0 | ... U13: =IF(U$4=$E13,1,IF(_xlfn.XLOOKUP(U$4,$A$4:$A$19,$C$4:$C$19)=_xlfn.XLOOKUP($E13,$A$4:$A$19,$C$4:$C$19),0.7,0)) -> 0.7 | W13: Schwellenbach, Spencer | X13: {=IFERROR(_xlfn.XLOOKUP($W13&X$4,braves_19_25!$B:$B&braves_19_25!$C:$C,braves_19_25!$R:$R),0)} -> 0.31763006 | Y13: {=IFERROR(_xlfn.XLOOKUP($W13&Y$4,braves_19_25!$B:$B&braves_19_25!$C:$C,braves_19_25!$R:$R),0)} -> 0.084104046 | Z13: {=IFERROR(_xlfn.XLOOKUP($W13&Z$4,braves_19_25!$B:$B&braves_19_25!$C:$C,braves_19_25!$R:$R),0)} -> 0.19075145 | AA13: {=IFERROR(_xlfn.XLOOKUP($W13&AA$4,braves_19_25!$B:$B&braves_19_25!$C:$C,braves_19_25!$R:$R),0)} -> 0.13150289 | AB13: {=IFERROR(_xlfn.XLOOKUP($W13&AB$4,braves_19_25!$B:$B&braves_19_25!$C:$C,braves_19_25!$R:$R),0)} -> 0.13294798 | AC13: {=IFERROR(_xlfn.XLOOKUP($W13&AC$4,braves_19_25!$B:$B&braves_19_25!$C:$C,braves_19_25!$R:$R),0)} -> 0.14306358 | AD13: {=IFERROR(_xlfn.XLOOKUP($W13&AD$4,braves_19_25!$B:$B&braves_19_25!$C:$C,braves_19_25!$R:$R),0)} -> 0 | AE13: {=IFERROR(_xlfn.XLOOKUP($W13&AE$4,braves_19_25!$B:$B&braves_19_25!$C:$C,braves_19_25!$R:$R),0)} -> 0 | ... AM13: {=IFERROR(_xlfn.XLOOKUP($W13&AM$4,braves_19_25!$B:$B&braves_19_25!$C:$C,braves_19_25!$R:$R),0)} -> 0 | AN13: {=SQRT( MMULT( MMULT( $X13:$AM13, $F$5:$U$20 ), TRANSPOSE($X13:$AM13) ) )} -> 0.5636012
A14: CS | B14: Slow Curve | C14: Vbreak | E14: FA | F14: =IF(F$4=$E14,1,IF(_xlfn.XLOOKUP(F$4,$A$4:$A$19,$C$4:$C$19)=_xlfn.XLOOKUP($E14,$A$4:$A$19,$C$4:$C$19),0.7,0)) -> 0 | G14: =IF(G$4=$E14,1,IF(_xlfn.XLOOKUP(G$4,$A$4:$A$19,$C$4:$C$19)=_xlfn.XLOOKUP($E14,$A$4:$A$19,$C$4:$C$19),0.7,0)) -> 0 | H14: =IF(H$4=$E14,1,IF(_xlfn.XLOOKUP(H$4,$A$4:$A$19,$C$4:$C$19)=_xlfn.XLOOKUP($E14,$A$4:$A$19,$C$4:$C$19),0.7,0)) -> 0 | I14: =IF(I$4=$E14,1,IF(_xlfn.XLOOKUP(I$4,$A$4:$A$19,$C$4:$C$19)=_xlfn.XLOOKUP($E14,$A$4:$A$19,$C$4:$C$19),0.7,0)) -> 0 | J14: =IF(J$4=$E14,1,IF(_xlfn.XLOOKUP(J$4,$A$4:$A$19,$C$4:$C$19)=_xlfn.XLOOKUP($E14,$A$4:$A$19,$C$4:$C$19),0.7,0)) -> 0 | K14: =IF(K$4=$E14,1,IF(_xlfn.XLOOKUP(K$4,$A$4:$A$19,$C$4:$C$19)=_xlfn.XLOOKUP($E14,$A$4:$A$19,$C$4:$C$19),0.7,0)) -> 0 | L14: =IF(L$4=$E14,1,IF(_xlfn.XLOOKUP(L$4,$A$4:$A$19,$C$4:$C$19)=_xlfn.XLOOKUP($E14,$A$4:$A$19,$C$4:$C$19),0.7,0)) -> 0 | M14: =IF(M$4=$E14,1,IF(_xlfn.XLOOKUP(M$4,$A$4:$A$19,$C$4:$C$19)=_xlfn.XLOOKUP($E14,$A$4:$A$19,$C$4:$C$19),0.7,0)) -> 0 | ... U14: =IF(U$4=$E14,1,IF(_xlfn.XLOOKUP(U$4,$A$4:$A$19,$C$4:$C$19)=_xlfn.XLOOKUP($E14,$A$4:$A$19,$C$4:$C$19),0.7,0)) -> 0.7 | W14: Soroka, Michael | X14: {=IFERROR(_xlfn.XLOOKUP($W14&X$4,braves_19_25!$B:$B&braves_19_25!$C:$C,braves_19_25!$R:$R),0)} -> 0.215263 | Y14: {=IFERROR(_xlfn.XLOOKUP($W14&Y$4,braves_19_25!$B:$B&braves_19_25!$C:$C,braves_19_25!$R:$R),0)} -> 0.40255397 | Z14: {=IFERROR(_xlfn.XLOOKUP($W14&Z$4,braves_19_25!$B:$B&braves_19_25!$C:$C,braves_19_25!$R:$R),0)} -> 0.24657951 | AA14: {=IFERROR(_xlfn.XLOOKUP($W14&AA$4,braves_19_25!$B:$B&braves_19_25!$C:$C,braves_19_25!$R:$R),0)} -> 0 | AB14: {=IFERROR(_xlfn.XLOOKUP($W14&AB$4,braves_19_25!$B:$B&braves_19_25!$C:$C,braves_19_25!$R:$R),0)} -> 0 | AC14: {=IFERROR(_xlfn.XLOOKUP($W14&AC$4,braves_19_25!$B:$B&braves_19_25!$C:$C,braves_19_25!$R:$R),0)} -> 0 | AD14: {=IFERROR(_xlfn.XLOOKUP($W14&AD$4,braves_19_25!$B:$B&braves_19_25!$C:$C,braves_19_25!$R:$R),0)} -> 0.13317118 | AE14: {=IFERROR(_xlfn.XLOOKUP($W14&AE$4,braves_19_25!$B:$B&braves_19_25!$C:$C,braves_19_25!$R:$R),0)} -> 0 | ... AM14: {=IFERROR(_xlfn.XLOOKUP($W14&AM$4,braves_19_25!$B:$B&braves_19_25!$C:$C,braves_19_25!$R:$R),0)} -> 0 | AN14: {=SQRT( MMULT( MMULT( $X14:$AM14, $F$5:$U$20 ), TRANSPOSE($X14:$AM14) ) )} -> 0.63959864
A15: SV | B15: Slurve | C15: Hbreak | E15: CS | F15: =IF(F$4=$E15,1,IF(_xlfn.XLOOKUP(F$4,$A$4:$A$19,$C$4:$C$19)=_xlfn.XLOOKUP($E15,$A$4:$A$19,$C$4:$C$19),0.7,0)) -> 0 | G15: =IF(G$4=$E15,1,IF(_xlfn.XLOOKUP(G$4,$A$4:$A$19,$C$4:$C$19)=_xlfn.XLOOKUP($E15,$A$4:$A$19,$C$4:$C$19),0.7,0)) -> 0 | H15: =IF(H$4=$E15,1,IF(_xlfn.XLOOKUP(H$4,$A$4:$A$19,$C$4:$C$19)=_xlfn.XLOOKUP($E15,$A$4:$A$19,$C$4:$C$19),0.7,0)) -> 0 | I15: =IF(I$4=$E15,1,IF(_xlfn.XLOOKUP(I$4,$A$4:$A$19,$C$4:$C$19)=_xlfn.XLOOKUP($E15,$A$4:$A$19,$C$4:$C$19),0.7,0)) -> 0.7 | J15: =IF(J$4=$E15,1,IF(_xlfn.XLOOKUP(J$4,$A$4:$A$19,$C$4:$C$19)=_xlfn.XLOOKUP($E15,$A$4:$A$19,$C$4:$C$19),0.7,0)) -> 0 | K15: =IF(K$4=$E15,1,IF(_xlfn.XLOOKUP(K$4,$A$4:$A$19,$C$4:$C$19)=_xlfn.XLOOKUP($E15,$A$4:$A$19,$C$4:$C$19),0.7,0)) -> 0 | L15: =IF(L$4=$E15,1,IF(_xlfn.XLOOKUP(L$4,$A$4:$A$19,$C$4:$C$19)=_xlfn.XLOOKUP($E15,$A$4:$A$19,$C$4:$C$19),0.7,0)) -> 0 | M15: =IF(M$4=$E15,1,IF(_xlfn.XLOOKUP(M$4,$A$4:$A$19,$C$4:$C$19)=_xlfn.XLOOKUP($E15,$A$4:$A$19,$C$4:$C$19),0.7,0)) -> 0 | ... U15: =IF(U$4=$E15,1,IF(_xlfn.XLOOKUP(U$4,$A$4:$A$19,$C$4:$C$19)=_xlfn.XLOOKUP($E15,$A$4:$A$19,$C$4:$C$19),0.7,0)) -> 0 | W15: Chavez, Jesse | X15: {=IFERROR(_xlfn.XLOOKUP($W15&X$4,braves_19_25!$B:$B&braves_19_25!$C:$C,braves_19_25!$R:$R),0)} -> 0.0065359477 | Y15: {=IFERROR(_xlfn.XLOOKUP($W15&Y$4,braves_19_25!$B:$B&braves_19_25!$C:$C,braves_19_25!$R:$R),0)} -> 0.28695923 | Z15: {=IFERROR(_xlfn.XLOOKUP($W15&Z$4,braves_19_25!$B:$B&braves_19_25!$C:$C,braves_19_25!$R:$R),0)} -> 0.020230314 | AA15: {=IFERROR(_xlfn.XLOOKUP($W15&AA$4,braves_19_25!$B:$B&braves_19_25!$C:$C,braves_19_25!$R:$R),0)} -> 0.040149393 | AB15: {=IFERROR(_xlfn.XLOOKUP($W15&AB$4,braves_19_25!$B:$B&braves_19_25!$C:$C,braves_19_25!$R:$R),0)} -> 0 | AC15: {=IFERROR(_xlfn.XLOOKUP($W15&AC$4,braves_19_25!$B:$B&braves_19_25!$C:$C,braves_19_25!$R:$R),0)} -> 0.51260504 | AD15: {=IFERROR(_xlfn.XLOOKUP($W15&AD$4,braves_19_25!$B:$B&braves_19_25!$C:$C,braves_19_25!$R:$R),0)} -> 0.13320884 | AE15: {=IFERROR(_xlfn.XLOOKUP($W15&AE$4,braves_19_25!$B:$B&braves_19_25!$C:$C,braves_19_25!$R:$R),0)} -> 0 | ... AM15: {=IFERROR(_xlfn.XLOOKUP($W15&AM$4,braves_19_25!$B:$B&braves_19_25!$C:$C,braves_19_25!$R:$R),0)} -> 0 | AN15: {=SQRT( MMULT( MMULT( $X15:$AM15, $F$5:$U$20 ), TRANSPOSE($X15:$AM15) ) )} -> 0.76037478
A16: KC | B16: Knuckle Curve | C16: Vbreak | E16: SV | F16: =IF(F$4=$E16,1,IF(_xlfn.XLOOKUP(F$4,$A$4:$A$19,$C$4:$C$19)=_xlfn.XLOOKUP($E16,$A$4:$A$19,$C$4:$C$19),0.7,0)) -> 0 | G16: =IF(G$4=$E16,1,IF(_xlfn.XLOOKUP(G$4,$A$4:$A$19,$C$4:$C$19)=_xlfn.XLOOKUP($E16,$A$4:$A$19,$C$4:$C$19),0.7,0)) -> 0 | H16: =IF(H$4=$E16,1,IF(_xlfn.XLOOKUP(H$4,$A$4:$A$19,$C$4:$C$19)=_xlfn.XLOOKUP($E16,$A$4:$A$19,$C$4:$C$19),0.7,0)) -> 0.7 | I16: =IF(I$4=$E16,1,IF(_xlfn.XLOOKUP(I$4,$A$4:$A$19,$C$4:$C$19)=_xlfn.XLOOKUP($E16,$A$4:$A$19,$C$4:$C$19),0.7,0)) -> 0 | J16: =IF(J$4=$E16,1,IF(_xlfn.XLOOKUP(J$4,$A$4:$A$19,$C$4:$C$19)=_xlfn.XLOOKUP($E16,$A$4:$A$19,$C$4:$C$19),0.7,0)) -> 0 | K16: =IF(K$4=$E16,1,IF(_xlfn.XLOOKUP(K$4,$A$4:$A$19,$C$4:$C$19)=_xlfn.XLOOKUP($E16,$A$4:$A$19,$C$4:$C$19),0.7,0)) -> 0 | L16: =IF(L$4=$E16,1,IF(_xlfn.XLOOKUP(L$4,$A$4:$A$19,$C$4:$C$19)=_xlfn.XLOOKUP($E16,$A$4:$A$19,$C$4:$C$19),0.7,0)) -> 0 | M16: =IF(M$4=$E16,1,IF(_xlfn.XLOOKUP(M$4,$A$4:$A$19,$C$4:$C$19)=_xlfn.XLOOKUP($E16,$A$4:$A$19,$C$4:$C$19),0.7,0)) -> 0.7 | ... U16: =IF(U$4=$E16,1,IF(_xlfn.XLOOKUP(U$4,$A$4:$A$19,$C$4:$C$19)=_xlfn.XLOOKUP($E16,$A$4:$A$19,$C$4:$C$19),0.7,0)) -> 0 | W16: Iglesias, Raisel | X16: {=IFERROR(_xlfn.XLOOKUP($W16&X$4,braves_19_25!$B:$B&braves_19_25!$C:$C,braves_19_25!$R:$R),0)} -> 0.3510873 | Y16: {=IFERROR(_xlfn.XLOOKUP($W16&Y$4,braves_19_25!$B:$B&braves_19_25!$C:$C,braves_19_25!$R:$R),0)} -> 0.18373779 | Z16: {=IFERROR(_xlfn.XLOOKUP($W16&Z$4,braves_19_25!$B:$B&braves_19_25!$C:$C,braves_19_25!$R:$R),0)} -> 0.15537346 | AA16: {=IFERROR(_xlfn.XLOOKUP($W16&AA$4,braves_19_25!$B:$B&braves_19_25!$C:$C,braves_19_25!$R:$R),0)} -> 0 | AB16: {=IFERROR(_xlfn.XLOOKUP($W16&AB$4,braves_19_25!$B:$B&braves_19_25!$C:$C,braves_19_25!$R:$R),0)} -> 0 | AC16: {=IFERROR(_xlfn.XLOOKUP($W16&AC$4,braves_19_25!$B:$B&braves_19_25!$C:$C,braves_19_25!$R:$R),0)} -> 0 | AD16: {=IFERROR(_xlfn.XLOOKUP($W16&AD$4,braves_19_25!$B:$B&braves_19_25!$C:$C,braves_19_25!$R:$R),0)} -> 0.30980145 | AE16: {=IFERROR(_xlfn.XLOOKUP($W16&AE$4,braves_19_25!$B:$B&braves_19_25!$C:$C,braves_19_25!$R:$R),0)} -> 0 | ... AM16: {=IFERROR(_xlfn.XLOOKUP($W16&AM$4,braves_19_25!$B:$B&braves_19_25!$C:$C,braves_19_25!$R:$R),0)} -> 0 | AN16: {=SQRT( MMULT( MMULT( $X16:$AM16, $F$5:$U$20 ), TRANSPOSE($X16:$AM16) ) )} -> 0.6061773
A17: FO | B17: Forkball | C17: Offspeed | E17: KC | F17: =IF(F$4=$E17,1,IF(_xlfn.XLOOKUP(F$4,$A$4:$A$19,$C$4:$C$19)=_xlfn.XLOOKUP($E17,$A$4:$A$19,$C$4:$C$19),0.7,0)) -> 0 | G17: =IF(G$4=$E17,1,IF(_xlfn.XLOOKUP(G$4,$A$4:$A$19,$C$4:$C$19)=_xlfn.XLOOKUP($E17,$A$4:$A$19,$C$4:$C$19),0.7,0)) -> 0 | H17: =IF(H$4=$E17,1,IF(_xlfn.XLOOKUP(H$4,$A$4:$A$19,$C$4:$C$19)=_xlfn.XLOOKUP($E17,$A$4:$A$19,$C$4:$C$19),0.7,0)) -> 0 | I17: =IF(I$4=$E17,1,IF(_xlfn.XLOOKUP(I$4,$A$4:$A$19,$C$4:$C$19)=_xlfn.XLOOKUP($E17,$A$4:$A$19,$C$4:$C$19),0.7,0)) -> 0.7 | J17: =IF(J$4=$E17,1,IF(_xlfn.XLOOKUP(J$4,$A$4:$A$19,$C$4:$C$19)=_xlfn.XLOOKUP($E17,$A$4:$A$19,$C$4:$C$19),0.7,0)) -> 0 | K17: =IF(K$4=$E17,1,IF(_xlfn.XLOOKUP(K$4,$A$4:$A$19,$C$4:$C$19)=_xlfn.XLOOKUP($E17,$A$4:$A$19,$C$4:$C$19),0.7,0)) -> 0 | L17: =IF(L$4=$E17,1,IF(_xlfn.XLOOKUP(L$4,$A$4:$A$19,$C$4:$C$19)=_xlfn.XLOOKUP($E17,$A$4:$A$19,$C$4:$C$19),0.7,0)) -> 0 | M17: =IF(M$4=$E17,1,IF(_xlfn.XLOOKUP(M$4,$A$4:$A$19,$C$4:$C$19)=_xlfn.XLOOKUP($E17,$A$4:$A$19,$C$4:$C$19),0.7,0)) -> 0 | ... U17: =IF(U$4=$E17,1,IF(_xlfn.XLOOKUP(U$4,$A$4:$A$19,$C$4:$C$19)=_xlfn.XLOOKUP($E17,$A$4:$A$19,$C$4:$C$19),0.7,0)) -> 0 | W17: Jackson, Luke | X17: {=IFERROR(_xlfn.XLOOKUP($W17&X$4,braves_19_25!$B:$B&braves_19_25!$C:$C,braves_19_25!$R:$R),0)} -> 0.36128827 | Y17: {=IFERROR(_xlfn.XLOOKUP($W17&Y$4,braves_19_25!$B:$B&braves_19_25!$C:$C,braves_19_25!$R:$R),0)} -> 0 | Z17: {=IFERROR(_xlfn.XLOOKUP($W17&Z$4,braves_19_25!$B:$B&braves_19_25!$C:$C,braves_19_25!$R:$R),0)} -> 0.50669643 | AA17: {=IFERROR(_xlfn.XLOOKUP($W17&AA$4,braves_19_25!$B:$B&braves_19_25!$C:$C,braves_19_25!$R:$R),0)} -> 0.12882653 | AB17: {=IFERROR(_xlfn.XLOOKUP($W17&AB$4,braves_19_25!$B:$B&braves_19_25!$C:$C,braves_19_25!$R:$R),0)} -> 0 | AC17: {=IFERROR(_xlfn.XLOOKUP($W17&AC$4,braves_19_25!$B:$B&braves_19_25!$C:$C,braves_19_25!$R:$R),0)} -> 0.0031887755 | AD17: {=IFERROR(_xlfn.XLOOKUP($W17&AD$4,braves_19_25!$B:$B&braves_19_25!$C:$C,braves_19_25!$R:$R),0)} -> 0 | AE17: {=IFERROR(_xlfn.XLOOKUP($W17&AE$4,braves_19_25!$B:$B&braves_19_25!$C:$C,braves_19_25!$R:$R),0)} -> 0 | ... AM17: {=IFERROR(_xlfn.XLOOKUP($W17&AM$4,braves_19_25!$B:$B&braves_19_25!$C:$C,braves_19_25!$R:$R),0)} -> 0 | AN17: {=SQRT( MMULT( MMULT( $X17:$AM17, $F$5:$U$20 ), TRANSPOSE($X17:$AM17) ) )} -> 0.63678082
... A19: KN | B19: Knuckleball | C19: Other | E19: SC | F19: =IF(F$4=$E19,1,IF(_xlfn.XLOOKUP(F$4,$A$4:$A$19,$C$4:$C$19)=_xlfn.XLOOKUP($E19,$A$4:$A$19,$C$4:$C$19),0.7,0)) -> 0 | G19: =IF(G$4=$E19,1,IF(_xlfn.XLOOKUP(G$4,$A$4:$A$19,$C$4:$C$19)=_xlfn.XLOOKUP($E19,$A$4:$A$19,$C$4:$C$19),0.7,0)) -> 0 | H19: =IF(H$4=$E19,1,IF(_xlfn.XLOOKUP(H$4,$A$4:$A$19,$C$4:$C$19)=_xlfn.XLOOKUP($E19,$A$4:$A$19,$C$4:$C$19),0.7,0)) -> 0 | I19: =IF(I$4=$E19,1,IF(_xlfn.XLOOKUP(I$4,$A$4:$A$19,$C$4:$C$19)=_xlfn.XLOOKUP($E19,$A$4:$A$19,$C$4:$C$19),0.7,0)) -> 0 | J19: =IF(J$4=$E19,1,IF(_xlfn.XLOOKUP(J$4,$A$4:$A$19,$C$4:$C$19)=_xlfn.XLOOKUP($E19,$A$4:$A$19,$C$4:$C$19),0.7,0)) -> 0.7 | K19: =IF(K$4=$E19,1,IF(_xlfn.XLOOKUP(K$4,$A$4:$A$19,$C$4:$C$19)=_xlfn.XLOOKUP($E19,$A$4:$A$19,$C$4:$C$19),0.7,0)) -> 0 | L19: =IF(L$4=$E19,1,IF(_xlfn.XLOOKUP(L$4,$A$4:$A$19,$C$4:$C$19)=_xlfn.XLOOKUP($E19,$A$4:$A$19,$C$4:$C$19),0.7,0)) -> 0.7 | M19: =IF(M$4=$E19,1,IF(_xlfn.XLOOKUP(M$4,$A$4:$A$19,$C$4:$C$19)=_xlfn.XLOOKUP($E19,$A$4:$A$19,$C$4:$C$19),0.7,0)) -> 0 | ... U19: =IF(U$4=$E19,1,IF(_xlfn.XLOOKUP(U$4,$A$4:$A$19,$C$4:$C$19)=_xlfn.XLOOKUP($E19,$A$4:$A$19,$C$4:$C$19),0.7,0)) -> 0 | W19: Holmes, Grant | X19: {=IFERROR(_xlfn.XLOOKUP($W19&X$4,braves_19_25!$B:$B&braves_19_25!$C:$C,braves_19_25!$R:$R),0)} -> 0.34236948 | Y19: {=IFERROR(_xlfn.XLOOKUP($W19&Y$4,braves_19_25!$B:$B&braves_19_25!$C:$C,braves_19_25!$R:$R),0)} -> 0.00066934404 | Z19: {=IFERROR(_xlfn.XLOOKUP($W19&Z$4,braves_19_25!$B:$B&braves_19_25!$C:$C,braves_19_25!$R:$R),0)} -> 0.3457162 | AA19: {=IFERROR(_xlfn.XLOOKUP($W19&AA$4,braves_19_25!$B:$B&braves_19_25!$C:$C,braves_19_25!$R:$R),0)} -> 0.17202142 | AB19: {=IFERROR(_xlfn.XLOOKUP($W19&AB$4,braves_19_25!$B:$B&braves_19_25!$C:$C,braves_19_25!$R:$R),0)} -> 0 | AC19: {=IFERROR(_xlfn.XLOOKUP($W19&AC$4,braves_19_25!$B:$B&braves_19_25!$C:$C,braves_19_25!$R:$R),0)} -> 0.12751004 | AD19: {=IFERROR(_xlfn.XLOOKUP($W19&AD$4,braves_19_25!$B:$B&braves_19_25!$C:$C,braves_19_25!$R:$R),0)} -> 0.011713521 | AE19: {=IFERROR(_xlfn.XLOOKUP($W19&AE$4,braves_19_25!$B:$B&braves_19_25!$C:$C,braves_19_25!$R:$R),0)} -> 0 | ... AM19: {=IFERROR(_xlfn.XLOOKUP($W19&AM$4,braves_19_25!$B:$B&braves_19_25!$C:$C,braves_19_25!$R:$R),0)} -> 0 | AN19: {=SQRT( MMULT( MMULT( $X19:$AM19, $F$5:$U$20 ), TRANSPOSE($X19:$AM19) ) )} -> 0.58675588
E20: KN | F20: =IF(F$4=$E20,1,IF(_xlfn.XLOOKUP(F$4,$A$4:$A$19,$C$4:$C$19)=_xlfn.XLOOKUP($E20,$A$4:$A$19,$C$4:$C$19),0.7,0)) -> 0 | G20: =IF(G$4=$E20,1,IF(_xlfn.XLOOKUP(G$4,$A$4:$A$19,$C$4:$C$19)=_xlfn.XLOOKUP($E20,$A$4:$A$19,$C$4:$C$19),0.7,0)) -> 0 | H20: =IF(H$4=$E20,1,IF(_xlfn.XLOOKUP(H$4,$A$4:$A$19,$C$4:$C$19)=_xlfn.XLOOKUP($E20,$A$4:$A$19,$C$4:$C$19),0.7,0)) -> 0 | I20: =IF(I$4=$E20,1,IF(_xlfn.XLOOKUP(I$4,$A$4:$A$19,$C$4:$C$19)=_xlfn.XLOOKUP($E20,$A$4:$A$19,$C$4:$C$19),0.7,0)) -> 0 | J20: =IF(J$4=$E20,1,IF(_xlfn.XLOOKUP(J$4,$A$4:$A$19,$C$4:$C$19)=_xlfn.XLOOKUP($E20,$A$4:$A$19,$C$4:$C$19),0.7,0)) -> 0 | K20: =IF(K$4=$E20,1,IF(_xlfn.XLOOKUP(K$4,$A$4:$A$19,$C$4:$C$19)=_xlfn.XLOOKUP($E20,$A$4:$A$19,$C$4:$C$19),0.7,0)) -> 0 | L20: =IF(L$4=$E20,1,IF(_xlfn.XLOOKUP(L$4,$A$4:$A$19,$C$4:$C$19)=_xlfn.XLOOKUP($E20,$A$4:$A$19,$C$4:$C$19),0.7,0)) -> 0 | M20: =IF(M$4=$E20,1,IF(_xlfn.XLOOKUP(M$4,$A$4:$A$19,$C$4:$C$19)=_xlfn.XLOOKUP($E20,$A$4:$A$19,$C$4:$C$19),0.7,0)) -> 0 | ... U20: =IF(U$4=$E20,1,IF(_xlfn.XLOOKUP(U$4,$A$4:$A$19,$C$4:$C$19)=_xlfn.XLOOKUP($E20,$A$4:$A$19,$C$4:$C$19),0.7,0)) -> 1 | W20: Tomlin, Josh | X20: {=IFERROR(_xlfn.XLOOKUP($W20&X$4,braves_19_25!$B:$B&braves_19_25!$C:$C,braves_19_25!$R:$R),0)} -> 0.2278682 | Y20: {=IFERROR(_xlfn.XLOOKUP($W20&Y$4,braves_19_25!$B:$B&braves_19_25!$C:$C,braves_19_25!$R:$R),0)} -> 0.026994839 | Z20: {=IFERROR(_xlfn.XLOOKUP($W20&Z$4,braves_19_25!$B:$B&braves_19_25!$C:$C,braves_19_25!$R:$R),0)} -> 0 | AA20: {=IFERROR(_xlfn.XLOOKUP($W20&AA$4,braves_19_25!$B:$B&braves_19_25!$C:$C,braves_19_25!$R:$R),0)} -> 0.2302501 | AB20: {=IFERROR(_xlfn.XLOOKUP($W20&AB$4,braves_19_25!$B:$B&braves_19_25!$C:$C,braves_19_25!$R:$R),0)} -> 0 | AC20: {=IFERROR(_xlfn.XLOOKUP($W20&AC$4,braves_19_25!$B:$B&braves_19_25!$C:$C,braves_19_25!$R:$R),0)} -> 0.46248511 | AD20: {=IFERROR(_xlfn.XLOOKUP($W20&AD$4,braves_19_25!$B:$B&braves_19_25!$C:$C,braves_19_25!$R:$R),0)} -> 0.052401747 | AE20: {=IFERROR(_xlfn.XLOOKUP($W20&AE$4,braves_19_25!$B:$B&braves_19_25!$C:$C,braves_19_25!$R:$R),0)} -> 0 | ... AM20: {=IFERROR(_xlfn.XLOOKUP($W20&AM$4,braves_19_25!$B:$B&braves_19_25!$C:$C,braves_19_25!$R:$R),0)} -> 0 | AN20: {=SQRT( MMULT( MMULT( $X20:$AM20, $F$5:$U$20 ), TRANSPOSE($X20:$AM20) ) )} -> 0.70422755
W21: Matzek, Tyler | X21: {=IFERROR(_xlfn.XLOOKUP($W21&X$4,braves_19_25!$B:$B&braves_19_25!$C:$C,braves_19_25!$R:$R),0)} -> 0.70286885 | Y21: {=IFERROR(_xlfn.XLOOKUP($W21&Y$4,braves_19_25!$B:$B&braves_19_25!$C:$C,braves_19_25!$R:$R),0)} -> 0.0016393443 | Z21: {=IFERROR(_xlfn.XLOOKUP($W21&Z$4,braves_19_25!$B:$B&braves_19_25!$C:$C,braves_19_25!$R:$R),0)} -> 0.25122951 | AA21: {=IFERROR(_xlfn.XLOOKUP($W21&AA$4,braves_19_25!$B:$B&braves_19_25!$C:$C,braves_19_25!$R:$R),0)} -> 0.025 | AB21: {=IFERROR(_xlfn.XLOOKUP($W21&AB$4,braves_19_25!$B:$B&braves_19_25!$C:$C,braves_19_25!$R:$R),0)} -> 0 | AC21: {=IFERROR(_xlfn.XLOOKUP($W21&AC$4,braves_19_25!$B:$B&braves_19_25!$C:$C,braves_19_25!$R:$R),0)} -> 0.019262295 | AD21: {=IFERROR(_xlfn.XLOOKUP($W21&AD$4,braves_19_25!$B:$B&braves_19_25!$C:$C,braves_19_25!$R:$R),0)} -> 0 | AE21: {=IFERROR(_xlfn.XLOOKUP($W21&AE$4,braves_19_25!$B:$B&braves_19_25!$C:$C,braves_19_25!$R:$R),0)} -> 0 | ... AM21: {=IFERROR(_xlfn.XLOOKUP($W21&AM$4,braves_19_25!$B:$B&braves_19_25!$C:$C,braves_19_25!$R:$R),0)} -> 0 | AN21: {=SQRT( MMULT( MMULT( $X21:$AM21, $F$5:$U$20 ), TRANSPOSE($X21:$AM21) ) )} -> 0.76075711
W22: Newcomb, Sean | X22: {=IFERROR(_xlfn.XLOOKUP($W22&X$4,braves_19_25!$B:$B&braves_19_25!$C:$C,braves_19_25!$R:$R),0)} -> 0.61217237 | Y22: {=IFERROR(_xlfn.XLOOKUP($W22&Y$4,braves_19_25!$B:$B&braves_19_25!$C:$C,braves_19_25!$R:$R),0)} -> 0.000444247 | Z22: {=IFERROR(_xlfn.XLOOKUP($W22&Z$4,braves_19_25!$B:$B&braves_19_25!$C:$C,braves_19_25!$R:$R),0)} -> 0.05330964 | AA22: {=IFERROR(_xlfn.XLOOKUP($W22&AA$4,braves_19_25!$B:$B&braves_19_25!$C:$C,braves_19_25!$R:$R),0)} -> 0.17858729 | AB22: {=IFERROR(_xlfn.XLOOKUP($W22&AB$4,braves_19_25!$B:$B&braves_19_25!$C:$C,braves_19_25!$R:$R),0)} -> 0 | AC22: {=IFERROR(_xlfn.XLOOKUP($W22&AC$4,braves_19_25!$B:$B&braves_19_25!$C:$C,braves_19_25!$R:$R),0)} -> 0.086628165 | AD22: {=IFERROR(_xlfn.XLOOKUP($W22&AD$4,braves_19_25!$B:$B&braves_19_25!$C:$C,braves_19_25!$R:$R),0)} -> 0.067081297 | AE22: {=IFERROR(_xlfn.XLOOKUP($W22&AE$4,braves_19_25!$B:$B&braves_19_25!$C:$C,braves_19_25!$R:$R),0)} -> 0 | ... AM22: {=IFERROR(_xlfn.XLOOKUP($W22&AM$4,braves_19_25!$B:$B&braves_19_25!$C:$C,braves_19_25!$R:$R),0)} -> 0 | AN22: {=SQRT( MMULT( MMULT( $X22:$AM22, $F$5:$U$20 ), TRANSPOSE($X22:$AM22) ) )} -> 0.70449216
A23: Most/Least Similar | W23: Johnson, Pierce | X23: {=IFERROR(_xlfn.XLOOKUP($W23&X$4,braves_19_25!$B:$B&braves_19_25!$C:$C,braves_19_25!$R:$R),0)} -> 0.237646 | Y23: {=IFERROR(_xlfn.XLOOKUP($W23&Y$4,braves_19_25!$B:$B&braves_19_25!$C:$C,braves_19_25!$R:$R),0)} -> 0 | Z23: {=IFERROR(_xlfn.XLOOKUP($W23&Z$4,braves_19_25!$B:$B&braves_19_25!$C:$C,braves_19_25!$R:$R),0)} -> 0.0062893082 | AA23: {=IFERROR(_xlfn.XLOOKUP($W23&AA$4,braves_19_25!$B:$B&braves_19_25!$C:$C,braves_19_25!$R:$R),0)} -> 0.7178796 | AB23: {=IFERROR(_xlfn.XLOOKUP($W23&AB$4,braves_19_25!$B:$B&braves_19_25!$C:$C,braves_19_25!$R:$R),0)} -> 0 | AC23: {=IFERROR(_xlfn.XLOOKUP($W23&AC$4,braves_19_25!$B:$B&braves_19_25!$C:$C,braves_19_25!$R:$R),0)} -> 0.038185085 | AD23: {=IFERROR(_xlfn.XLOOKUP($W23&AD$4,braves_19_25!$B:$B&braves_19_25!$C:$C,braves_19_25!$R:$R),0)} -> 0 | AE23: {=IFERROR(_xlfn.XLOOKUP($W23&AE$4,braves_19_25!$B:$B&braves_19_25!$C:$C,braves_19_25!$R:$R),0)} -> 0 | ... AM23: {=IFERROR(_xlfn.XLOOKUP($W23&AM$4,braves_19_25!$B:$B&braves_19_25!$C:$C,braves_19_25!$R:$R),0)} -> 0 | AN23: {=SQRT( MMULT( MMULT( $X23:$AM23, $F$5:$U$20 ), TRANSPOSE($X23:$AM23) ) )} -> 0.76552515
W24: López, Reynaldo | X24: {=IFERROR(_xlfn.XLOOKUP($W24&X$4,braves_19_25!$B:$B&braves_19_25!$C:$C,braves_19_25!$R:$R),0)} -> 0.55036298 | Y24: {=IFERROR(_xlfn.XLOOKUP($W24&Y$4,braves_19_25!$B:$B&braves_19_25!$C:$C,braves_19_25!$R:$R),0)} -> 0 | Z24: {=IFERROR(_xlfn.XLOOKUP($W24&Z$4,braves_19_25!$B:$B&braves_19_25!$C:$C,braves_19_25!$R:$R),0)} -> 0.29537205 | AA24: {=IFERROR(_xlfn.XLOOKUP($W24&AA$4,braves_19_25!$B:$B&braves_19_25!$C:$C,braves_19_25!$R:$R),0)} -> 0.11615245 | AB24: {=IFERROR(_xlfn.XLOOKUP($W24&AB$4,braves_19_25!$B:$B&braves_19_25!$C:$C,braves_19_25!$R:$R),0)} -> 0 | AC24: {=IFERROR(_xlfn.XLOOKUP($W24&AC$4,braves_19_25!$B:$B&braves_19_25!$C:$C,braves_19_25!$R:$R),0)} -> 0 | AD24: {=IFERROR(_xlfn.XLOOKUP($W24&AD$4,braves_19_25!$B:$B&braves_19_25!$C:$C,braves_19_25!$R:$R),0)} -> 0.038112523 | AE24: {=IFERROR(_xlfn.XLOOKUP($W24&AE$4,braves_19_25!$B:$B&braves_19_25!$C:$C,braves_19_25!$R:$R),0)} -> 0 | ... AM24: {=IFERROR(_xlfn.XLOOKUP($W24&AM$4,braves_19_25!$B:$B&braves_19_25!$C:$C,braves_19_25!$R:$R),0)} -> 0 | AN24: {=SQRT( MMULT( MMULT( $X24:$AM24, $F$5:$U$20 ), TRANSPOSE($X24:$AM24) ) )} -> 0.63646525
A25: {=_xlfn.UNIQUE(braves_19_25__2[player_name])} -> Fried, Max | W25: Smyly, Drew | X25: {=IFERROR(_xlfn.XLOOKUP($W25&X$4,braves_19_25!$B:$B&braves_19_25!$C:$C,braves_19_25!$R:$R),0)} -> 0 | Y25: {=IFERROR(_xlfn.XLOOKUP($W25&Y$4,braves_19_25!$B:$B&braves_19_25!$C:$C,braves_19_25!$R:$R),0)} -> 0.46538821 | Z25: {=IFERROR(_xlfn.XLOOKUP($W25&Z$4,braves_19_25!$B:$B&braves_19_25!$C:$C,braves_19_25!$R:$R),0)} -> 0 | AA25: {=IFERROR(_xlfn.XLOOKUP($W25&AA$4,braves_19_25!$B:$B&braves_19_25!$C:$C,braves_19_25!$R:$R),0)} -> 0 | AB25: {=IFERROR(_xlfn.XLOOKUP($W25&AB$4,braves_19_25!$B:$B&braves_19_25!$C:$C,braves_19_25!$R:$R),0)} -> 0 | AC25: {=IFERROR(_xlfn.XLOOKUP($W25&AC$4,braves_19_25!$B:$B&braves_19_25!$C:$C,braves_19_25!$R:$R),0)} -> 0.1150608 | AD25: {=IFERROR(_xlfn.XLOOKUP($W25&AD$4,braves_19_25!$B:$B&braves_19_25!$C:$C,braves_19_25!$R:$R),0)} -> 0 | AE25: {=IFERROR(_xlfn.XLOOKUP($W25&AE$4,braves_19_25!$B:$B&braves_19_25!$C:$C,braves_19_25!$R:$R),0)} -> 0 | ... AM25: {=IFERROR(_xlfn.XLOOKUP($W25&AM$4,braves_19_25!$B:$B&braves_19_25!$C:$C,braves_19_25!$R:$R),0)} -> 0 | AN25: {=SQRT( MMULT( MMULT( $X25:$AM25, $F$5:$U$20 ), TRANSPOSE($X25:$AM25) ) )} -> 0.69340848
A26: Morton, Charlie | W26: McHugh, Collin | X26: {=IFERROR(_xlfn.XLOOKUP($W26&X$4,braves_19_25!$B:$B&braves_19_25!$C:$C,braves_19_25!$R:$R),0)} -> 0.023288973 | Y26: {=IFERROR(_xlfn.XLOOKUP($W26&Y$4,braves_19_25!$B:$B&braves_19_25!$C:$C,braves_19_25!$R:$R),0)} -> 0 | Z26: {=IFERROR(_xlfn.XLOOKUP($W26&Z$4,braves_19_25!$B:$B&braves_19_25!$C:$C,braves_19_25!$R:$R),0)} -> 0 | AA26: {=IFERROR(_xlfn.XLOOKUP($W26&AA$4,braves_19_25!$B:$B&braves_19_25!$C:$C,braves_19_25!$R:$R),0)} -> 0.021387833 | AB26: {=IFERROR(_xlfn.XLOOKUP($W26&AB$4,braves_19_25!$B:$B&braves_19_25!$C:$C,braves_19_25!$R:$R),0)} -> 0 | AC26: {=IFERROR(_xlfn.XLOOKUP($W26&AC$4,braves_19_25!$B:$B&braves_19_25!$C:$C,braves_19_25!$R:$R),0)} -> 0.46673004 | AD26: {=IFERROR(_xlfn.XLOOKUP($W26&AD$4,braves_19_25!$B:$B&braves_19_25!$C:$C,braves_19_25!$R:$R),0)} -> 0.0019011407 | AE26: {=IFERROR(_xlfn.XLOOKUP($W26&AE$4,braves_19_25!$B:$B&braves_19_25!$C:$C,braves_19_25!$R:$R),0)} -> 0.48098859 | ... AM26: {=IFERROR(_xlfn.XLOOKUP($W26&AM$4,braves_19_25!$B:$B&braves_19_25!$C:$C,braves_19_25!$R:$R),0)} -> 0 | AN26: {=SQRT( MMULT( MMULT( $X26:$AM26, $F$5:$U$20 ), TRANSPOSE($X26:$AM26) ) )} -> 0.68235711
A27: Strider, Spencer | W27: Ynoa, Huascar | X27: {=IFERROR(_xlfn.XLOOKUP($W27&X$4,braves_19_25!$B:$B&braves_19_25!$C:$C,braves_19_25!$R:$R),0)} -> 0.4430622 | Y27: {=IFERROR(_xlfn.XLOOKUP($W27&Y$4,braves_19_25!$B:$B&braves_19_25!$C:$C,braves_19_25!$R:$R),0)} -> 0.01722488 | Z27: {=IFERROR(_xlfn.XLOOKUP($W27&Z$4,braves_19_25!$B:$B&braves_19_25!$C:$C,braves_19_25!$R:$R),0)} -> 0.46650718 | AA27: {=IFERROR(_xlfn.XLOOKUP($W27&AA$4,braves_19_25!$B:$B&braves_19_25!$C:$C,braves_19_25!$R:$R),0)} -> 0 | AB27: {=IFERROR(_xlfn.XLOOKUP($W27&AB$4,braves_19_25!$B:$B&braves_19_25!$C:$C,braves_19_25!$R:$R),0)} -> 0 | AC27: {=IFERROR(_xlfn.XLOOKUP($W27&AC$4,braves_19_25!$B:$B&braves_19_25!$C:$C,braves_19_25!$R:$R),0)} -> 0 | AD27: {=IFERROR(_xlfn.XLOOKUP($W27&AD$4,braves_19_25!$B:$B&braves_19_25!$C:$C,braves_19_25!$R:$R),0)} -> 0.073205742 | AE27: {=IFERROR(_xlfn.XLOOKUP($W27&AE$4,braves_19_25!$B:$B&braves_19_25!$C:$C,braves_19_25!$R:$R),0)} -> 0 | ... AM27: {=IFERROR(_xlfn.XLOOKUP($W27&AM$4,braves_19_25!$B:$B&braves_19_25!$C:$C,braves_19_25!$R:$R),0)} -> 0 | AN27: {=SQRT( MMULT( MMULT( $X27:$AM27, $F$5:$U$20 ), TRANSPOSE($X27:$AM27) ) )} -> 0.65595214
A28: Elder, Bryce | W28: Toussaint, Touki | X28: {=IFERROR(_xlfn.XLOOKUP($W28&X$4,braves_19_25!$B:$B&braves_19_25!$C:$C,braves_19_25!$R:$R),0)} -> 0.19061303 | Y28: {=IFERROR(_xlfn.XLOOKUP($W28&Y$4,braves_19_25!$B:$B&braves_19_25!$C:$C,braves_19_25!$R:$R),0)} -> 0.29166667 | Z28: {=IFERROR(_xlfn.XLOOKUP($W28&Z$4,braves_19_25!$B:$B&braves_19_25!$C:$C,braves_19_25!$R:$R),0)} -> 0.022509579 | AA28: {=IFERROR(_xlfn.XLOOKUP($W28&AA$4,braves_19_25!$B:$B&braves_19_25!$C:$C,braves_19_25!$R:$R),0)} -> 0.27681992 | AB28: {=IFERROR(_xlfn.XLOOKUP($W28&AB$4,braves_19_25!$B:$B&braves_19_25!$C:$C,braves_19_25!$R:$R),0)} -> 0.2183908 | AC28: {=IFERROR(_xlfn.XLOOKUP($W28&AC$4,braves_19_25!$B:$B&braves_19_25!$C:$C,braves_19_25!$R:$R),0)} -> 0 | AD28: {=IFERROR(_xlfn.XLOOKUP($W28&AD$4,braves_19_25!$B:$B&braves_19_25!$C:$C,braves_19_25!$R:$R),0)} -> 0 | AE28: {=IFERROR(_xlfn.XLOOKUP($W28&AE$4,braves_19_25!$B:$B&braves_19_25!$C:$C,braves_19_25!$R:$R),0)} -> 0 | ... AM28: {=IFERROR(_xlfn.XLOOKUP($W28&AM$4,braves_19_25!$B:$B&braves_19_25!$C:$C,braves_19_25!$R:$R),0)} -> 0 | AN28: {=SQRT( MMULT( MMULT( $X28:$AM28, $F$5:$U$20 ), TRANSPOSE($X28:$AM28) ) )} -> 0.56926876
A29: Sale, Chris | W29: Jiménez, Joe | X29: {=IFERROR(_xlfn.XLOOKUP($W29&X$4,braves_19_25!$B:$B&braves_19_25!$C:$C,braves_19_25!$R:$R),0)} -> 0.53580247 | Y29: {=IFERROR(_xlfn.XLOOKUP($W29&Y$4,braves_19_25!$B:$B&braves_19_25!$C:$C,braves_19_25!$R:$R),0)} -> 0 | Z29: {=IFERROR(_xlfn.XLOOKUP($W29&Z$4,braves_19_25!$B:$B&braves_19_25!$C:$C,braves_19_25!$R:$R),0)} -> 0.40839506 | AA29: {=IFERROR(_xlfn.XLOOKUP($W29&AA$4,braves_19_25!$B:$B&braves_19_25!$C:$C,braves_19_25!$R:$R),0)} -> 0 | AB29: {=IFERROR(_xlfn.XLOOKUP($W29&AB$4,braves_19_25!$B:$B&braves_19_25!$C:$C,braves_19_25!$R:$R),0)} -> 0 | AC29: {=IFERROR(_xlfn.XLOOKUP($W29&AC$4,braves_19_25!$B:$B&braves_19_25!$C:$C,braves_19_25!$R:$R),0)} -> 0 | AD29: {=IFERROR(_xlfn.XLOOKUP($W29&AD$4,braves_19_25!$B:$B&braves_19_25!$C:$C,braves_19_25!$R:$R),0)} -> 0.055308642 | AE29: {=IFERROR(_xlfn.XLOOKUP($W29&AE$4,braves_19_25!$B:$B&braves_19_25!$C:$C,braves_19_25!$R:$R),0)} -> 0 | ... AM29: {=IFERROR(_xlfn.XLOOKUP($W29&AM$4,braves_19_25!$B:$B&braves_19_25!$C:$C,braves_19_25!$R:$R),0)} -> 0 | AN29: {=SQRT( MMULT( MMULT( $X29:$AM29, $F$5:$U$20 ), TRANSPOSE($X29:$AM29) ) )} -> 0.67596587
A30: Anderson, Ian | W30: Smith, Will | X30: {=IFERROR(_xlfn.XLOOKUP($W30&X$4,braves_19_25!$B:$B&braves_19_25!$C:$C,braves_19_25!$R:$R),0)} -> 0.45216516 | Y30: {=IFERROR(_xlfn.XLOOKUP($W30&Y$4,braves_19_25!$B:$B&braves_19_25!$C:$C,braves_19_25!$R:$R),0)} -> 0 | Z30: {=IFERROR(_xlfn.XLOOKUP($W30&Z$4,braves_19_25!$B:$B&braves_19_25!$C:$C,braves_19_25!$R:$R),0)} -> 0.43856999 | AA30: {=IFERROR(_xlfn.XLOOKUP($W30&AA$4,braves_19_25!$B:$B&braves_19_25!$C:$C,braves_19_25!$R:$R),0)} -> 0.10926485 | AB30: {=IFERROR(_xlfn.XLOOKUP($W30&AB$4,braves_19_25!$B:$B&braves_19_25!$C:$C,braves_19_25!$R:$R),0)} -> 0 | AC30: {=IFERROR(_xlfn.XLOOKUP($W30&AC$4,braves_19_25!$B:$B&braves_19_25!$C:$C,braves_19_25!$R:$R),0)} -> 0 | AD30: {=IFERROR(_xlfn.XLOOKUP($W30&AD$4,braves_19_25!$B:$B&braves_19_25!$C:$C,braves_19_25!$R:$R),0)} -> 0 | AE30: {=IFERROR(_xlfn.XLOOKUP($W30&AE$4,braves_19_25!$B:$B&braves_19_25!$C:$C,braves_19_25!$R:$R),0)} -> 0 | ... AM30: {=IFERROR(_xlfn.XLOOKUP($W30&AM$4,braves_19_25!$B:$B&braves_19_25!$C:$C,braves_19_25!$R:$R),0)} -> 0 | AN30: {=SQRT( MMULT( MMULT( $X30:$AM30, $F$5:$U$20 ), TRANSPOSE($X30:$AM30) ) )} -> 0.63932447
A31: Minter, A.J. | W31: Foltynewicz, Mike | X31: {=IFERROR(_xlfn.XLOOKUP($W31&X$4,braves_19_25!$B:$B&braves_19_25!$C:$C,braves_19_25!$R:$R),0)} -> 0.26149132 | Y31: {=IFERROR(_xlfn.XLOOKUP($W31&Y$4,braves_19_25!$B:$B&braves_19_25!$C:$C,braves_19_25!$R:$R),0)} -> 0.25536261 | Z31: {=IFERROR(_xlfn.XLOOKUP($W31&Z$4,braves_19_25!$B:$B&braves_19_25!$C:$C,braves_19_25!$R:$R),0)} -> 0.28600613 | AA31: {=IFERROR(_xlfn.XLOOKUP($W31&AA$4,braves_19_25!$B:$B&braves_19_25!$C:$C,braves_19_25!$R:$R),0)} -> 0.1011236 | AB31: {=IFERROR(_xlfn.XLOOKUP($W31&AB$4,braves_19_25!$B:$B&braves_19_25!$C:$C,braves_19_25!$R:$R),0)} -> 0 | AC31: {=IFERROR(_xlfn.XLOOKUP($W31&AC$4,braves_19_25!$B:$B&braves_19_25!$C:$C,braves_19_25!$R:$R),0)} -> 0 | AD31: {=IFERROR(_xlfn.XLOOKUP($W31&AD$4,braves_19_25!$B:$B&braves_19_25!$C:$C,braves_19_25!$R:$R),0)} -> 0.096016343 | AE31: {=IFERROR(_xlfn.XLOOKUP($W31&AE$4,braves_19_25!$B:$B&braves_19_25!$C:$C,braves_19_25!$R:$R),0)} -> 0 | ... AM31: {=IFERROR(_xlfn.XLOOKUP($W31&AM$4,braves_19_25!$B:$B&braves_19_25!$C:$C,braves_19_25!$R:$R),0)} -> 0 | AN31: {=SQRT( MMULT( MMULT( $X31:$AM31, $F$5:$U$20 ), TRANSPOSE($X31:$AM31) ) )} -> 0.57299001
A32: Wright, Kyle | W32: Bummer, Aaron | X32: {=IFERROR(_xlfn.XLOOKUP($W32&X$4,braves_19_25!$B:$B&braves_19_25!$C:$C,braves_19_25!$R:$R),0)} -> 0.11175236 | Y32: {=IFERROR(_xlfn.XLOOKUP($W32&Y$4,braves_19_25!$B:$B&braves_19_25!$C:$C,braves_19_25!$R:$R),0)} -> 0.37355719 | Z32: {=IFERROR(_xlfn.XLOOKUP($W32&Z$4,braves_19_25!$B:$B&braves_19_25!$C:$C,braves_19_25!$R:$R),0)} -> 0 | AA32: {=IFERROR(_xlfn.XLOOKUP($W32&AA$4,braves_19_25!$B:$B&braves_19_25!$C:$C,braves_19_25!$R:$R),0)} -> 0.18310598 | AB32: {=IFERROR(_xlfn.XLOOKUP($W32&AB$4,braves_19_25!$B:$B&braves_19_25!$C:$C,braves_19_25!$R:$R),0)} -> 0 | AC32: {=IFERROR(_xlfn.XLOOKUP($W32&AC$4,braves_19_25!$B:$B&braves_19_25!$C:$C,braves_19_25!$R:$R),0)} -> 0.026232949 | AD32: {=IFERROR(_xlfn.XLOOKUP($W32&AD$4,braves_19_25!$B:$B&braves_19_25!$C:$C,braves_19_25!$R:$R),0)} -> 0.0057712487 | AE32: {=IFERROR(_xlfn.XLOOKUP($W32&AE$4,braves_19_25!$B:$B&braves_19_25!$C:$C,braves_19_25!$R:$R),0)} -> 0.29958027 | ... AM32: {=IFERROR(_xlfn.XLOOKUP($W32&AM$4,braves_19_25!$B:$B&braves_19_25!$C:$C,braves_19_25!$R:$R),0)} -> 0 | AN32: {=SQRT( MMULT( MMULT( $X32:$AM32, $F$5:$U$20 ), TRANSPOSE($X32:$AM32) ) )} -> 0.59354779
A33: Schwellenbach, Spencer | W33: Tonkin, Michael | X33: {=IFERROR(_xlfn.XLOOKUP($W33&X$4,braves_19_25!$B:$B&braves_19_25!$C:$C,braves_19_25!$R:$R),0)} -> 0.61184723 | Y33: {=IFERROR(_xlfn.XLOOKUP($W33&Y$4,braves_19_25!$B:$B&braves_19_25!$C:$C,braves_19_25!$R:$R),0)} -> 0 | Z33: {=IFERROR(_xlfn.XLOOKUP($W33&Z$4,braves_19_25!$B:$B&braves_19_25!$C:$C,braves_19_25!$R:$R),0)} -> 0.3725643 | AA33: {=IFERROR(_xlfn.XLOOKUP($W33&AA$4,braves_19_25!$B:$B&braves_19_25!$C:$C,braves_19_25!$R:$R),0)} -> 0 | AB33: {=IFERROR(_xlfn.XLOOKUP($W33&AB$4,braves_19_25!$B:$B&braves_19_25!$C:$C,braves_19_25!$R:$R),0)} -> 0 | AC33: {=IFERROR(_xlfn.XLOOKUP($W33&AC$4,braves_19_25!$B:$B&braves_19_25!$C:$C,braves_19_25!$R:$R),0)} -> 0 | AD33: {=IFERROR(_xlfn.XLOOKUP($W33&AD$4,braves_19_25!$B:$B&braves_19_25!$C:$C,braves_19_25!$R:$R),0)} -> 0 | AE33: {=IFERROR(_xlfn.XLOOKUP($W33&AE$4,braves_19_25!$B:$B&braves_19_25!$C:$C,braves_19_25!$R:$R),0)} -> 0.015588465 | ... AM33: {=IFERROR(_xlfn.XLOOKUP($W33&AM$4,braves_19_25!$B:$B&braves_19_25!$C:$C,braves_19_25!$R:$R),0)} -> 0 | AN33: {=SQRT( MMULT( MMULT( $X33:$AM33, $F$5:$U$20 ), TRANSPOSE($X33:$AM33) ) )} -> 0.72217379
A34: Soroka, Michael | W34: Smith-Shawver, AJ | X34: {=IFERROR(_xlfn.XLOOKUP($W34&X$4,braves_19_25!$B:$B&braves_19_25!$C:$C,braves_19_25!$R:$R),0)} -> 0.49840256 | Y34: {=IFERROR(_xlfn.XLOOKUP($W34&Y$4,braves_19_25!$B:$B&braves_19_25!$C:$C,braves_19_25!$R:$R),0)} -> 0 | Z34: {=IFERROR(_xlfn.XLOOKUP($W34&Z$4,braves_19_25!$B:$B&braves_19_25!$C:$C,braves_19_25!$R:$R),0)} -> 0.1086262 | AA34: {=IFERROR(_xlfn.XLOOKUP($W34&AA$4,braves_19_25!$B:$B&braves_19_25!$C:$C,braves_19_25!$R:$R),0)} -> 0.14456869 | AB34: {=IFERROR(_xlfn.XLOOKUP($W34&AB$4,braves_19_25!$B:$B&braves_19_25!$C:$C,braves_19_25!$R:$R),0)} -> 0.22044728 | AC34: {=IFERROR(_xlfn.XLOOKUP($W34&AC$4,braves_19_25!$B:$B&braves_19_25!$C:$C,braves_19_25!$R:$R),0)} -> 0 | AD34: {=IFERROR(_xlfn.XLOOKUP($W34&AD$4,braves_19_25!$B:$B&braves_19_25!$C:$C,braves_19_25!$R:$R),0)} -> 0.027955272 | AE34: {=IFERROR(_xlfn.XLOOKUP($W34&AE$4,braves_19_25!$B:$B&braves_19_25!$C:$C,braves_19_25!$R:$R),0)} -> 0 | ... AM34: {=IFERROR(_xlfn.XLOOKUP($W34&AM$4,braves_19_25!$B:$B&braves_19_25!$C:$C,braves_19_25!$R:$R),0)} -> 0 | AN34: {=SQRT( MMULT( MMULT( $X34:$AM34, $F$5:$U$20 ), TRANSPOSE($X34:$AM34) ) )} -> 0.58233246
A35: Chavez, Jesse | W35: Stephens, Jackson | X35: {=IFERROR(_xlfn.XLOOKUP($W35&X$4,braves_19_25!$B:$B&braves_19_25!$C:$C,braves_19_25!$R:$R),0)} -> 0.32186732 | Y35: {=IFERROR(_xlfn.XLOOKUP($W35&Y$4,braves_19_25!$B:$B&braves_19_25!$C:$C,braves_19_25!$R:$R),0)} -> 0.22358722 | Z35: {=IFERROR(_xlfn.XLOOKUP($W35&Z$4,braves_19_25!$B:$B&braves_19_25!$C:$C,braves_19_25!$R:$R),0)} -> 0.058149058 | AA35: {=IFERROR(_xlfn.XLOOKUP($W35&AA$4,braves_19_25!$B:$B&braves_19_25!$C:$C,braves_19_25!$R:$R),0)} -> 0.26863227 | AB35: {=IFERROR(_xlfn.XLOOKUP($W35&AB$4,braves_19_25!$B:$B&braves_19_25!$C:$C,braves_19_25!$R:$R),0)} -> 0 | AC35: {=IFERROR(_xlfn.XLOOKUP($W35&AC$4,braves_19_25!$B:$B&braves_19_25!$C:$C,braves_19_25!$R:$R),0)} -> 0.035217035 | AD35: {=IFERROR(_xlfn.XLOOKUP($W35&AD$4,braves_19_25!$B:$B&braves_19_25!$C:$C,braves_19_25!$R:$R),0)} -> 0.092547093 | AE35: {=IFERROR(_xlfn.XLOOKUP($W35&AE$4,braves_19_25!$B:$B&braves_19_25!$C:$C,braves_19_25!$R:$R),0)} -> 0 | ... AM35: {=IFERROR(_xlfn.XLOOKUP($W35&AM$4,braves_19_25!$B:$B&braves_19_25!$C:$C,braves_19_25!$R:$R),0)} -> 0 | AN35: {=SQRT( MMULT( MMULT( $X35:$AM35, $F$5:$U$20 ), TRANSPOSE($X35:$AM35) ) )} -> 0.605462
A36: Iglesias, Raisel | W36: Martin, Chris | X36: {=IFERROR(_xlfn.XLOOKUP($W36&X$4,braves_19_25!$B:$B&braves_19_25!$C:$C,braves_19_25!$R:$R),0)} -> 0.43645485 | Y36: {=IFERROR(_xlfn.XLOOKUP($W36&Y$4,braves_19_25!$B:$B&braves_19_25!$C:$C,braves_19_25!$R:$R),0)} -> 0.10702341 | Z36: {=IFERROR(_xlfn.XLOOKUP($W36&Z$4,braves_19_25!$B:$B&braves_19_25!$C:$C,braves_19_25!$R:$R),0)} -> 0 | AA36: {=IFERROR(_xlfn.XLOOKUP($W36&AA$4,braves_19_25!$B:$B&braves_19_25!$C:$C,braves_19_25!$R:$R),0)} -> 0.043478261 | AB36: {=IFERROR(_xlfn.XLOOKUP($W36&AB$4,braves_19_25!$B:$B&braves_19_25!$C:$C,braves_19_25!$R:$R),0)} -> 0.13461538 | AC36: {=IFERROR(_xlfn.XLOOKUP($W36&AC$4,braves_19_25!$B:$B&braves_19_25!$C:$C,braves_19_25!$R:$R),0)} -> 0.17140468 | AD36: {=IFERROR(_xlfn.XLOOKUP($W36&AD$4,braves_19_25!$B:$B&braves_19_25!$C:$C,braves_19_25!$R:$R),0)} -> 0 | AE36: {=IFERROR(_xlfn.XLOOKUP($W36&AE$4,braves_19_25!$B:$B&braves_19_25!$C:$C,braves_19_25!$R:$R),0)} -> 0.10702341 | ... AM36: {=IFERROR(_xlfn.XLOOKUP($W36&AM$4,braves_19_25!$B:$B&braves_19_25!$C:$C,braves_19_25!$R:$R),0)} -> 0 | AN36: {=SQRT( MMULT( MMULT( $X36:$AM36, $F$5:$U$20 ), TRANSPOSE($X36:$AM36) ) )} -> 0.67720302
A37: Jackson, Luke | W37: Yates, Kirby | X37: {=IFERROR(_xlfn.XLOOKUP($W37&X$4,braves_19_25!$B:$B&braves_19_25!$C:$C,braves_19_25!$R:$R),0)} -> 0.53389121 | Y37: {=IFERROR(_xlfn.XLOOKUP($W37&Y$4,braves_19_25!$B:$B&braves_19_25!$C:$C,braves_19_25!$R:$R),0)} -> 0 | Z37: {=IFERROR(_xlfn.XLOOKUP($W37&Z$4,braves_19_25!$B:$B&braves_19_25!$C:$C,braves_19_25!$R:$R),0)} -> 0.0025104603 | AA37: {=IFERROR(_xlfn.XLOOKUP($W37&AA$4,braves_19_25!$B:$B&braves_19_25!$C:$C,braves_19_25!$R:$R),0)} -> 0 | AB37: {=IFERROR(_xlfn.XLOOKUP($W37&AB$4,braves_19_25!$B:$B&braves_19_25!$C:$C,braves_19_25!$R:$R),0)} -> 0.45020921 | AC37: {=IFERROR(_xlfn.XLOOKUP($W37&AC$4,braves_19_25!$B:$B&braves_19_25!$C:$C,braves_19_25!$R:$R),0)} -> 0 | AD37: {=IFERROR(_xlfn.XLOOKUP($W37&AD$4,braves_19_25!$B:$B&braves_19_25!$C:$C,braves_19_25!$R:$R),0)} -> 0 | AE37: {=IFERROR(_xlfn.XLOOKUP($W37&AE$4,braves_19_25!$B:$B&braves_19_25!$C:$C,braves_19_25!$R:$R),0)} -> 0.011715481 | ... AM37: {=IFERROR(_xlfn.XLOOKUP($W37&AM$4,braves_19_25!$B:$B&braves_19_25!$C:$C,braves_19_25!$R:$R),0)} -> 0 | AN37: {=SQRT( MMULT( MMULT( $X37:$AM37, $F$5:$U$20 ), TRANSPOSE($X37:$AM37) ) )} -> 0.69850761
... A77: Santana, Edgar | W77: Milone, Tommy | X77: {=IFERROR(_xlfn.XLOOKUP($W77&X$4,braves_19_25!$B:$B&braves_19_25!$C:$C,braves_19_25!$R:$R),0)} -> 0.45714286 | Y77: {=IFERROR(_xlfn.XLOOKUP($W77&Y$4,braves_19_25!$B:$B&braves_19_25!$C:$C,braves_19_25!$R:$R),0)} -> 0.0047619048 | Z77: {=IFERROR(_xlfn.XLOOKUP($W77&Z$4,braves_19_25!$B:$B&braves_19_25!$C:$C,braves_19_25!$R:$R),0)} -> 0.10952381 | AA77: {=IFERROR(_xlfn.XLOOKUP($W77&AA$4,braves_19_25!$B:$B&braves_19_25!$C:$C,braves_19_25!$R:$R),0)} -> 0.028571429 | AB77: {=IFERROR(_xlfn.XLOOKUP($W77&AB$4,braves_19_25!$B:$B&braves_19_25!$C:$C,braves_19_25!$R:$R),0)} -> 0 | AC77: {=IFERROR(_xlfn.XLOOKUP($W77&AC$4,braves_19_25!$B:$B&braves_19_25!$C:$C,braves_19_25!$R:$R),0)} -> 0 | AD77: {=IFERROR(_xlfn.XLOOKUP($W77&AD$4,braves_19_25!$B:$B&braves_19_25!$C:$C,braves_19_25!$R:$R),0)} -> 0.4 | AE77: {=IFERROR(_xlfn.XLOOKUP($W77&AE$4,braves_19_25!$B:$B&braves_19_25!$C:$C,braves_19_25!$R:$R),0)} -> 0 | ... AM77: {=IFERROR(_xlfn.XLOOKUP($W77&AM$4,braves_19_25!$B:$B&braves_19_25!$C:$C,braves_19_25!$R:$R),0)} -> 0 | AN77: {=SQRT( MMULT( MMULT( $X77:$AM77, $F$5:$U$20 ), TRANSPOSE($X77:$AM77) ) )} -> 0.62037221
A78: Vines, Darius
A79: Anderson, Nick
A80: Fedde, Erick
A81: Biddle, Jesse
A82: Cox, Austin
A83: Erlin, Robbie
A84: Chirinos, Yonny
A85: Rodríguez, Richard
A86: Kerr, Ray
A87: Kinley, Tyler
A88: Hand, Brad
A89: Heller, Ben
... A99: Arsenal Similarities
B100: {=TRANSPOSE(_xlfn.UNIQUE(braves_19_25__2[player_name]))} -> Fried, Max | C100: Morton, Charlie | D100: Strider, Spencer | E100: Elder, Bryce | F100: Sale, Chris | G100: Anderson, Ian | H100: Minter, A.J. | I100: Wright, Kyle | J100: Schwellenbach, Spencer | K100: Soroka, Michael | L100: Chavez, Jesse | M100: Iglesias, Raisel | N100: Jackson, Luke | O100: Lee, Dylan | P100: Holmes, Grant | Q100: Tomlin, Josh | R100: Matzek, Tyler | S100: Newcomb, Sean | T100: Johnson, Pierce | U100: López, Reynaldo | V100: Smyly, Drew | W100: McHugh, Collin | X100: Ynoa, Huascar | Y100: Toussaint, Touki | Z100: Jiménez, Joe | AA100: Smith, Will | AB100: Foltynewicz, Mike | AC100: Bummer, Aaron | AD100: Tonkin, Michael | AE100: Smith-Shawver, AJ | AF100: Stephens, Jackson | AG100: Martin, Chris | AH100: Yates, Kirby | AI100: Wilson, Bryse | AJ100: Wentz, Joey | AK100: Dodd, Dylan | AL100: Hernández, Daysbel | AM100: Greene, Shane | AN100: Webb, Jacob | AO100: Jansen, Kenley | AP100: Waldrep, Hurston | AQ100: Dayton, Grant | AR100: Muller, Kyle | AS100: Shuster, Jared | AT100: Odorizzi, Jake | AU100: De Los Santos, Enyel | AV100: O'Day, Darren | AW100: Winans, Allan | AX100: Melancon, Mark | AY100: Montero, Rafael | AZ100: Sobotka, Chad | BA100: Davidson, Tucker | BB100: Santana, Edgar | BC100: Vines, Darius | BD100: Anderson, Nick | BE100: Fedde, Erick | BF100: Biddle, Jesse | BG100: Cox, Austin | BH100: Erlin, Robbie | BI100: Chirinos, Yonny | BJ100: Rodríguez, Richard | BK100: Kerr, Ray | BL100: Kinley, Tyler | BM100: Hand, Brad | BN100: Heller, Ben | BO100: Suarez, José | BP100: Fuentes, Didier | BQ100: Luetge, Lucas | BR100: Carrasco, Carlos | BS100: Blewett, Scott | BT100: Stratton, Hunter | BU100: Thornburg, Tyler | BV100: Milone, Tommy
A101: {=_xlfn.UNIQUE(braves_19_25__2[player_name])} -> Fried, Max | B101: {=MMULT( MMULT( INDEX(PITCH_PERCENTAGES, MATCH(ROWNAME, ARSENAL_NAME_COL, 0), 0), WEIGHT_MATRIX ), TRANSPOSE( INDEX(ARSENAL_MATRIX, MATCH(COLNAME, ARSENAL_NAME_COL, 0), 0) ) ) / ( INDEX(NORM_COL, MATCH(ROWNAME, ARSENAL_NAME_COL, 0)) * INDEX(NORM_COL, MATCH(COLNAME, ARSENAL_NAME_COL, 0)) )} -> #NAME? | C101: {=MMULT( MMULT( INDEX($X$5:$AM$77, MATCH(C$100,_xlfn.ANCHORARRAY( $W$5), 0), 0), $F$5:$U$20 ), TRANSPOSE( INDEX($X$5:$AM$77, MATCH($A101,_xlfn.ANCHORARRAY( $W$5), 0), 0) ) ) / ( INDEX($AN$5:$AN$77, MATCH(C$100,_xlfn.ANCHORARRAY( $W$5), 0)) * INDEX($AN$5:$AN$77, MATCH($A101,_xlfn.ANCHORARRAY( $W$5), 0)) )} -> 0.92343301 | D101: {=MMULT( MMULT( INDEX($X$5:$AM$77, MATCH(D$100,_xlfn.ANCHORARRAY( $W$5), 0), 0), $F$5:$U$20 ), TRANSPOSE( INDEX($X$5:$AM$77, MATCH($A101,_xlfn.ANCHORARRAY( $W$5), 0), 0) ) ) / ( INDEX($AN$5:$AN$77, MATCH(D$100,_xlfn.ANCHORARRAY( $W$5), 0)) * INDEX($AN$5:$AN$77, MATCH($A101,_xlfn.ANCHORARRAY( $W$5), 0)) )} -> 0.89800477 | E101: {=MMULT( MMULT( INDEX($X$5:$AM$77, MATCH(E$100,_xlfn.ANCHORARRAY( $W$5), 0), 0), $F$5:$U$20 ), TRANSPOSE( INDEX($X$5:$AM$77, MATCH($A101,_xlfn.ANCHORARRAY( $W$5), 0), 0) ) ) / ( INDEX($AN$5:$AN$77, MATCH(E$100,_xlfn.ANCHORARRAY( $W$5), 0)) * INDEX($AN$5:$AN$77, MATCH($A101,_xlfn.ANCHORARRAY( $W$5), 0)) )} -> 0.81934402 | F101: {=MMULT( MMULT( INDEX($X$5:$AM$77, MATCH(F$100,_xlfn.ANCHORARRAY( $W$5), 0), 0), $F$5:$U$20 ), TRANSPOSE( INDEX($X$5:$AM$77, MATCH($A101,_xlfn.ANCHORARRAY( $W$5), 0), 0) ) ) / ( INDEX($AN$5:$AN$77, MATCH(F$100,_xlfn.ANCHORARRAY( $W$5), 0)) * INDEX($AN$5:$AN$77, MATCH($A101,_xlfn.ANCHORARRAY( $W$5), 0)) )} -> 0.82006119 | G101: {=MMULT( MMULT( INDEX($X$5:$AM$77, MATCH(G$100,_xlfn.ANCHORARRAY( $W$5), 0), 0), $F$5:$U$20 ), TRANSPOSE( INDEX($X$5:$AM$77, MATCH($A101,_xlfn.ANCHORARRAY( $W$5), 0), 0) ) ) / ( INDEX($AN$5:$AN$77, MATCH(G$100,_xlfn.ANCHORARRAY( $W$5), 0)) * INDEX($AN$5:$AN$77, MATCH($A101,_xlfn.ANCHORARRAY( $W$5), 0)) )} -> 0.8742667 | H101: {=MMULT( MMULT( INDEX($X$5:$AM$77, MATCH(H$100,_xlfn.ANCHORARRAY( $W$5), 0), 0), $F$5:$U$20 ), TRANSPOSE( INDEX($X$5:$AM$77, MATCH($A101,_xlfn.ANCHORARRAY( $W$5), 0), 0) ) ) / ( INDEX($AN$5:$AN$77, MATCH(H$100,_xlfn.ANCHORARRAY( $W$5), 0)) * INDEX($AN$5:$AN$77, MATCH($A101,_xlfn.ANCHORARRAY( $W$5), 0)) )} -> 0.82615285 | I101: {=MMULT( MMULT( INDEX($X$5:$AM$77, MATCH(I$100,_xlfn.ANCHORARRAY( $W$5), 0), 0), $F$5:$U$20 ), TRANSPOSE( INDEX($X$5:$AM$77, MATCH($A101,_xlfn.ANCHORARRAY( $W$5), 0), 0) ) ) / ( INDEX($AN$5:$AN$77, MATCH(I$100,_xlfn.ANCHORARRAY( $W$5), 0)) * INDEX($AN$5:$AN$77, MATCH($A101,_xlfn.ANCHORARRAY( $W$5), 0)) )} -> 0.88798093 | J101: {=MMULT( MMULT( INDEX($X$5:$AM$77, MATCH(J$100,_xlfn.ANCHORARRAY( $W$5), 0), 0), $F$5:$U$20 ), TRANSPOSE( INDEX($X$5:$AM$77, MATCH($A101,_xlfn.ANCHORARRAY( $W$5), 0), 0) ) ) / ( INDEX($AN$5:$AN$77, MATCH(J$100,_xlfn.ANCHORARRAY( $W$5), 0)) * INDEX($AN$5:$AN$77, MATCH($A101,_xlfn.ANCHORARRAY( $W$5), 0)) )} -> 0.95758818 | ... BV101: {=MMULT( MMULT( INDEX($X$5:$AM$77, MATCH(BV$100,_xlfn.ANCHORARRAY( $W$5), 0), 0), $F$5:$U$20 ), TRANSPOSE( INDEX($X$5:$AM$77, MATCH($A101,_xlfn.ANCHORARRAY( $W$5), 0), 0) ) ) / ( INDEX($AN$5:$AN$77, MATCH(BV$100,_xlfn.ANCHORARRAY( $W$5), 0)) * INDEX($AN$5:$AN$77, MATCH($A101,_xlfn.ANCHORARRAY( $W$5), 0)) )} -> 0.79284041
A102: Morton, Charlie | B102: {=MMULT( MMULT( INDEX($X$5:$AM$77, MATCH(B$100,_xlfn.ANCHORARRAY( $W$5), 0), 0), $F$5:$U$20 ), TRANSPOSE( INDEX($X$5:$AM$77, MATCH($A102,_xlfn.ANCHORARRAY( $W$5), 0), 0) ) ) / ( INDEX($AN$5:$AN$77, MATCH(B$100,_xlfn.ANCHORARRAY( $W$5), 0)) * INDEX($AN$5:$AN$77, MATCH($A102,_xlfn.ANCHORARRAY( $W$5), 0)) )} -> 0.92343301 | C102: {=MMULT( MMULT( INDEX($X$5:$AM$77, MATCH(C$100,_xlfn.ANCHORARRAY( $W$5), 0), 0), $F$5:$U$20 ), TRANSPOSE( INDEX($X$5:$AM$77, MATCH($A102,_xlfn.ANCHORARRAY( $W$5), 0), 0) ) ) / ( INDEX($AN$5:$AN$77, MATCH(C$100,_xlfn.ANCHORARRAY( $W$5), 0)) * INDEX($AN$5:$AN$77, MATCH($A102,_xlfn.ANCHORARRAY( $W$5), 0)) )} -> 1 | D102: {=MMULT( MMULT( INDEX($X$5:$AM$77, MATCH(D$100,_xlfn.ANCHORARRAY( $W$5), 0), 0), $F$5:$U$20 ), TRANSPOSE( INDEX($X$5:$AM$77, MATCH($A102,_xlfn.ANCHORARRAY( $W$5), 0), 0) ) ) / ( INDEX($AN$5:$AN$77, MATCH(D$100,_xlfn.ANCHORARRAY( $W$5), 0)) * INDEX($AN$5:$AN$77, MATCH($A102,_xlfn.ANCHORARRAY( $W$5), 0)) )} -> 0.67699913 | E102: {=MMULT( MMULT( INDEX($X$5:$AM$77, MATCH(E$100,_xlfn.ANCHORARRAY( $W$5), 0), 0), $F$5:$U$20 ), TRANSPOSE( INDEX($X$5:$AM$77, MATCH($A102,_xlfn.ANCHORARRAY( $W$5), 0), 0) ) ) / ( INDEX($AN$5:$AN$77, MATCH(E$100,_xlfn.ANCHORARRAY( $W$5), 0)) * INDEX($AN$5:$AN$77, MATCH($A102,_xlfn.ANCHORARRAY( $W$5), 0)) )} -> 0.59038774 | F102: {=MMULT( MMULT( INDEX($X$5:$AM$77, MATCH(F$100,_xlfn.ANCHORARRAY( $W$5), 0), 0), $F$5:$U$20 ), TRANSPOSE( INDEX($X$5:$AM$77, MATCH($A102,_xlfn.ANCHORARRAY( $W$5), 0), 0) ) ) / ( INDEX($AN$5:$AN$77, MATCH(F$100,_xlfn.ANCHORARRAY( $W$5), 0)) * INDEX($AN$5:$AN$77, MATCH($A102,_xlfn.ANCHORARRAY( $W$5), 0)) )} -> 0.54623751 | G102: {=MMULT( MMULT( INDEX($X$5:$AM$77, MATCH(G$100,_xlfn.ANCHORARRAY( $W$5), 0), 0), $F$5:$U$20 ), TRANSPOSE( INDEX($X$5:$AM$77, MATCH($A102,_xlfn.ANCHORARRAY( $W$5), 0), 0) ) ) / ( INDEX($AN$5:$AN$77, MATCH(G$100,_xlfn.ANCHORARRAY( $W$5), 0)) * INDEX($AN$5:$AN$77, MATCH($A102,_xlfn.ANCHORARRAY( $W$5), 0)) )} -> 0.85493935 | H102: {=MMULT( MMULT( INDEX($X$5:$AM$77, MATCH(H$100,_xlfn.ANCHORARRAY( $W$5), 0), 0), $F$5:$U$20 ), TRANSPOSE( INDEX($X$5:$AM$77, MATCH($A102,_xlfn.ANCHORARRAY( $W$5), 0), 0) ) ) / ( INDEX($AN$5:$AN$77, MATCH(H$100,_xlfn.ANCHORARRAY( $W$5), 0)) * INDEX($AN$5:$AN$77, MATCH($A102,_xlfn.ANCHORARRAY( $W$5), 0)) )} -> 0.74871372 | I102: {=MMULT( MMULT( INDEX($X$5:$AM$77, MATCH(I$100,_xlfn.ANCHORARRAY( $W$5), 0), 0), $F$5:$U$20 ), TRANSPOSE( INDEX($X$5:$AM$77, MATCH($A102,_xlfn.ANCHORARRAY( $W$5), 0), 0) ) ) / ( INDEX($AN$5:$AN$77, MATCH(I$100,_xlfn.ANCHORARRAY( $W$5), 0)) * INDEX($AN$5:$AN$77, MATCH($A102,_xlfn.ANCHORARRAY( $W$5), 0)) )} -> 0.84409499 | ... BV102: {=MMULT( MMULT( INDEX($X$5:$AM$77, MATCH(BV$100,_xlfn.ANCHORARRAY( $W$5), 0), 0), $F$5:$U$20 ), TRANSPOSE( INDEX($X$5:$AM$77, MATCH($A102,_xlfn.ANCHORARRAY( $W$5), 0), 0) ) ) / ( INDEX($AN$5:$AN$77, MATCH(BV$100,_xlfn.ANCHORARRAY( $W$5), 0)) * INDEX($AN$5:$AN$77, MATCH($A102,_xlfn.ANCHORARRAY( $W$5), 0)) )} -> 0.66442798
A103: Strider, Spencer | B103: {=MMULT( MMULT( INDEX($X$5:$AM$77, MATCH(B$100,_xlfn.ANCHORARRAY( $W$5), 0), 0), $F$5:$U$20 ), TRANSPOSE( INDEX($X$5:$AM$77, MATCH($A103,_xlfn.ANCHORARRAY( $W$5), 0), 0) ) ) / ( INDEX($AN$5:$AN$77, MATCH(B$100,_xlfn.ANCHORARRAY( $W$5), 0)) * INDEX($AN$5:$AN$77, MATCH($A103,_xlfn.ANCHORARRAY( $W$5), 0)) )} -> 0.89800477 | C103: {=MMULT( MMULT( INDEX($X$5:$AM$77, MATCH(C$100,_xlfn.ANCHORARRAY( $W$5), 0), 0), $F$5:$U$20 ), TRANSPOSE( INDEX($X$5:$AM$77, MATCH($A103,_xlfn.ANCHORARRAY( $W$5), 0), 0) ) ) / ( INDEX($AN$5:$AN$77, MATCH(C$100,_xlfn.ANCHORARRAY( $W$5), 0)) * INDEX($AN$5:$AN$77, MATCH($A103,_xlfn.ANCHORARRAY( $W$5), 0)) )} -> 0.67699913 | D103: {=MMULT( MMULT( INDEX($X$5:$AM$77, MATCH(D$100,_xlfn.ANCHORARRAY( $W$5), 0), 0), $F$5:$U$20 ), TRANSPOSE( INDEX($X$5:$AM$77, MATCH($A103,_xlfn.ANCHORARRAY( $W$5), 0), 0) ) ) / ( INDEX($AN$5:$AN$77, MATCH(D$100,_xlfn.ANCHORARRAY( $W$5), 0)) * INDEX($AN$5:$AN$77, MATCH($A103,_xlfn.ANCHORARRAY( $W$5), 0)) )} -> 1 | E103: {=MMULT( MMULT( INDEX($X$5:$AM$77, MATCH(E$100,_xlfn.ANCHORARRAY( $W$5), 0), 0), $F$5:$U$20 ), TRANSPOSE( INDEX($X$5:$AM$77, MATCH($A103,_xlfn.ANCHORARRAY( $W$5), 0), 0) ) ) / ( INDEX($AN$5:$AN$77, MATCH(E$100,_xlfn.ANCHORARRAY( $W$5), 0)) * INDEX($AN$5:$AN$77, MATCH($A103,_xlfn.ANCHORARRAY( $W$5), 0)) )} -> 0.86103217 | F103: {=MMULT( MMULT( INDEX($X$5:$AM$77, MATCH(F$100,_xlfn.ANCHORARRAY( $W$5), 0), 0), $F$5:$U$20 ), TRANSPOSE( INDEX($X$5:$AM$77, MATCH($A103,_xlfn.ANCHORARRAY( $W$5), 0), 0) ) ) / ( INDEX($AN$5:$AN$77, MATCH(F$100,_xlfn.ANCHORARRAY( $W$5), 0)) * INDEX($AN$5:$AN$77, MATCH($A103,_xlfn.ANCHORARRAY( $W$5), 0)) )} -> 0.95452575 | G103: {=MMULT( MMULT( INDEX($X$5:$AM$77, MATCH(G$100,_xlfn.ANCHORARRAY( $W$5), 0), 0), $F$5:$U$20 ), TRANSPOSE( INDEX($X$5:$AM$77, MATCH($A103,_xlfn.ANCHORARRAY( $W$5), 0), 0) ) ) / ( INDEX($AN$5:$AN$77, MATCH(G$100,_xlfn.ANCHORARRAY( $W$5), 0)) * INDEX($AN$5:$AN$77, MATCH($A103,_xlfn.ANCHORARRAY( $W$5), 0)) )} -> 0.74667564 | H103: {=MMULT( MMULT( INDEX($X$5:$AM$77, MATCH(H$100,_xlfn.ANCHORARRAY( $W$5), 0), 0), $F$5:$U$20 ), TRANSPOSE( INDEX($X$5:$AM$77, MATCH($A103,_xlfn.ANCHORARRAY( $W$5), 0), 0) ) ) / ( INDEX($AN$5:$AN$77, MATCH(H$100,_xlfn.ANCHORARRAY( $W$5), 0)) * INDEX($AN$5:$AN$77, MATCH($A103,_xlfn.ANCHORARRAY( $W$5), 0)) )} -> 0.81516213 | I103: {=MMULT( MMULT( INDEX($X$5:$AM$77, MATCH(I$100,_xlfn.ANCHORARRAY( $W$5), 0), 0), $F$5:$U$20 ), TRANSPOSE( INDEX($X$5:$AM$77, MATCH($A103,_xlfn.ANCHORARRAY( $W$5), 0), 0) ) ) / ( INDEX($AN$5:$AN$77, MATCH(I$100,_xlfn.ANCHORARRAY( $W$5), 0)) * INDEX($AN$5:$AN$77, MATCH($A103,_xlfn.ANCHORARRAY( $W$5), 0)) )} -> 0.73971799 | ... BV103: {=MMULT( MMULT( INDEX($X$5:$AM$77, MATCH(BV$100,_xlfn.ANCHORARRAY( $W$5), 0), 0), $F$5:$U$20 ), TRANSPOSE( INDEX($X$5:$AM$77, MATCH($A103,_xlfn.ANCHORARRAY( $W$5), 0), 0) ) ) / ( INDEX($AN$5:$AN$77, MATCH(BV$100,_xlfn.ANCHORARRAY( $W$5), 0)) * INDEX($AN$5:$AN$77, MATCH($A103,_xlfn.ANCHORARRAY( $W$5), 0)) )} -> 0.78846273
A104: Elder, Bryce | B104: {=MMULT( MMULT( INDEX($X$5:$AM$77, MATCH(B$100,_xlfn.ANCHORARRAY( $W$5), 0), 0), $F$5:$U$20 ), TRANSPOSE( INDEX($X$5:$AM$77, MATCH($A104,_xlfn.ANCHORARRAY( $W$5), 0), 0) ) ) / ( INDEX($AN$5:$AN$77, MATCH(B$100,_xlfn.ANCHORARRAY( $W$5), 0)) * INDEX($AN$5:$AN$77, MATCH($A104,_xlfn.ANCHORARRAY( $W$5), 0)) )} -> 0.81934402 | C104: {=MMULT( MMULT( INDEX($X$5:$AM$77, MATCH(C$100,_xlfn.ANCHORARRAY( $W$5), 0), 0), $F$5:$U$20 ), TRANSPOSE( INDEX($X$5:$AM$77, MATCH($A104,_xlfn.ANCHORARRAY( $W$5), 0), 0) ) ) / ( INDEX($AN$5:$AN$77, MATCH(C$100,_xlfn.ANCHORARRAY( $W$5), 0)) * INDEX($AN$5:$AN$77, MATCH($A104,_xlfn.ANCHORARRAY( $W$5), 0)) )} -> 0.59038774 | D104: {=MMULT( MMULT( INDEX($X$5:$AM$77, MATCH(D$100,_xlfn.ANCHORARRAY( $W$5), 0), 0), $F$5:$U$20 ), TRANSPOSE( INDEX($X$5:$AM$77, MATCH($A104,_xlfn.ANCHORARRAY( $W$5), 0), 0) ) ) / ( INDEX($AN$5:$AN$77, MATCH(D$100,_xlfn.ANCHORARRAY( $W$5), 0)) * INDEX($AN$5:$AN$77, MATCH($A104,_xlfn.ANCHORARRAY( $W$5), 0)) )} -> 0.86103217 | E104: {=MMULT( MMULT( INDEX($X$5:$AM$77, MATCH(E$100,_xlfn.ANCHORARRAY( $W$5), 0), 0), $F$5:$U$20 ), TRANSPOSE( INDEX($X$5:$AM$77, MATCH($A104,_xlfn.ANCHORARRAY( $W$5), 0), 0) ) ) / ( INDEX($AN$5:$AN$77, MATCH(E$100,_xlfn.ANCHORARRAY( $W$5), 0)) * INDEX($AN$5:$AN$77, MATCH($A104,_xlfn.ANCHORARRAY( $W$5), 0)) )} -> 1 | F104: {=MMULT( MMULT( INDEX($X$5:$AM$77, MATCH(F$100,_xlfn.ANCHORARRAY( $W$5), 0), 0), $F$5:$U$20 ), TRANSPOSE( INDEX($X$5:$AM$77, MATCH($A104,_xlfn.ANCHORARRAY( $W$5), 0), 0) ) ) / ( INDEX($AN$5:$AN$77, MATCH(F$100,_xlfn.ANCHORARRAY( $W$5), 0)) * INDEX($AN$5:$AN$77, MATCH($A104,_xlfn.ANCHORARRAY( $W$5), 0)) )} -> 0.90787214 | G104: {=MMULT( MMULT( INDEX($X$5:$AM$77, MATCH(G$100,_xlfn.ANCHORARRAY( $W$5), 0), 0), $F$5:$U$20 ), TRANSPOSE( INDEX($X$5:$AM$77, MATCH($A104,_xlfn.ANCHORARRAY( $W$5), 0), 0) ) ) / ( INDEX($AN$5:$AN$77, MATCH(G$100,_xlfn.ANCHORARRAY( $W$5), 0)) * INDEX($AN$5:$AN$77, MATCH($A104,_xlfn.ANCHORARRAY( $W$5), 0)) )} -> 0.6374281 | H104: {=MMULT( MMULT( INDEX($X$5:$AM$77, MATCH(H$100,_xlfn.ANCHORARRAY( $W$5), 0), 0), $F$5:$U$20 ), TRANSPOSE( INDEX($X$5:$AM$77, MATCH($A104,_xlfn.ANCHORARRAY( $W$5), 0), 0) ) ) / ( INDEX($AN$5:$AN$77, MATCH(H$100,_xlfn.ANCHORARRAY( $W$5), 0)) * INDEX($AN$5:$AN$77, MATCH($A104,_xlfn.ANCHORARRAY( $W$5), 0)) )} -> 0.7197854 | I104: {=MMULT( MMULT( INDEX($X$5:$AM$77, MATCH(I$100,_xlfn.ANCHORARRAY( $W$5), 0), 0), $F$5:$U$20 ), TRANSPOSE( INDEX($X$5:$AM$77, MATCH($A104,_xlfn.ANCHORARRAY( $W$5), 0), 0) ) ) / ( INDEX($AN$5:$AN$77, MATCH(I$100,_xlfn.ANCHORARRAY( $W$5), 0)) * INDEX($AN$5:$AN$77, MATCH($A104,_xlfn.ANCHORARRAY( $W$5), 0)) )} -> 0.77551184 | ... BV104: {=MMULT( MMULT( INDEX($X$5:$AM$77, MATCH(BV$100,_xlfn.ANCHORARRAY( $W$5), 0), 0), $F$5:$U$20 ), TRANSPOSE( INDEX($X$5:$AM$77, MATCH($A104,_xlfn.ANCHORARRAY( $W$5), 0), 0) ) ) / ( INDEX($AN$5:$AN$77, MATCH(BV$100,_xlfn.ANCHORARRAY( $W$5), 0)) * INDEX($AN$5:$AN$77, MATCH($A104,_xlfn.ANCHORARRAY( $W$5), 0)) )} -> 0.72392619
A105: Sale, Chris | B105: {=MMULT( MMULT( INDEX($X$5:$AM$77, MATCH(B$100,_xlfn.ANCHORARRAY( $W$5), 0), 0), $F$5:$U$20 ), TRANSPOSE( INDEX($X$5:$AM$77, MATCH($A105,_xlfn.ANCHORARRAY( $W$5), 0), 0) ) ) / ( INDEX($AN$5:$AN$77, MATCH(B$100,_xlfn.ANCHORARRAY( $W$5), 0)) * INDEX($AN$5:$AN$77, MATCH($A105,_xlfn.ANCHORARRAY( $W$5), 0)) )} -> 0.82006119 | C105: {=MMULT( MMULT( INDEX($X$5:$AM$77, MATCH(C$100,_xlfn.ANCHORARRAY( $W$5), 0), 0), $F$5:$U$20 ), TRANSPOSE( INDEX($X$5:$AM$77, MATCH($A105,_xlfn.ANCHORARRAY( $W$5), 0), 0) ) ) / ( INDEX($AN$5:$AN$77, MATCH(C$100,_xlfn.ANCHORARRAY( $W$5), 0)) * INDEX($AN$5:$AN$77, MATCH($A105,_xlfn.ANCHORARRAY( $W$5), 0)) )} -> 0.54623751 | D105: {=MMULT( MMULT( INDEX($X$5:$AM$77, MATCH(D$100,_xlfn.ANCHORARRAY( $W$5), 0), 0), $F$5:$U$20 ), TRANSPOSE( INDEX($X$5:$AM$77, MATCH($A105,_xlfn.ANCHORARRAY( $W$5), 0), 0) ) ) / ( INDEX($AN$5:$AN$77, MATCH(D$100,_xlfn.ANCHORARRAY( $W$5), 0)) * INDEX($AN$5:$AN$77, MATCH($A105,_xlfn.ANCHORARRAY( $W$5), 0)) )} -> 0.95452575 | E105: {=MMULT( MMULT( INDEX($X$5:$AM$77, MATCH(E$100,_xlfn.ANCHORARRAY( $W$5), 0), 0), $F$5:$U$20 ), TRANSPOSE( INDEX($X$5:$AM$77, MATCH($A105,_xlfn.ANCHORARRAY( $W$5), 0), 0) ) ) / ( INDEX($AN$5:$AN$77, MATCH(E$100,_xlfn.ANCHORARRAY( $W$5), 0)) * INDEX($AN$5:$AN$77, MATCH($A105,_xlfn.ANCHORARRAY( $W$5), 0)) )} -> 0.90787214 | F105: {=MMULT( MMULT( INDEX($X$5:$AM$77, MATCH(F$100,_xlfn.ANCHORARRAY( $W$5), 0), 0), $F$5:$U$20 ), TRANSPOSE( INDEX($X$5:$AM$77, MATCH($A105,_xlfn.ANCHORARRAY( $W$5), 0), 0) ) ) / ( INDEX($AN$5:$AN$77, MATCH(F$100,_xlfn.ANCHORARRAY( $W$5), 0)) * INDEX($AN$5:$AN$77, MATCH($A105,_xlfn.ANCHORARRAY( $W$5), 0)) )} -> 1 | G105: {=MMULT( MMULT( INDEX($X$5:$AM$77, MATCH(G$100,_xlfn.ANCHORARRAY( $W$5), 0), 0), $F$5:$U$20 ), TRANSPOSE( INDEX($X$5:$AM$77, MATCH($A105,_xlfn.ANCHORARRAY( $W$5), 0), 0) ) ) / ( INDEX($AN$5:$AN$77, MATCH(G$100,_xlfn.ANCHORARRAY( $W$5), 0)) * INDEX($AN$5:$AN$77, MATCH($A105,_xlfn.ANCHORARRAY( $W$5), 0)) )} -> 0.64995698 | H105: {=MMULT( MMULT( INDEX($X$5:$AM$77, MATCH(H$100,_xlfn.ANCHORARRAY( $W$5), 0), 0), $F$5:$U$20 ), TRANSPOSE( INDEX($X$5:$AM$77, MATCH($A105,_xlfn.ANCHORARRAY( $W$5), 0), 0) ) ) / ( INDEX($AN$5:$AN$77, MATCH(H$100,_xlfn.ANCHORARRAY( $W$5), 0)) * INDEX($AN$5:$AN$77, MATCH($A105,_xlfn.ANCHORARRAY( $W$5), 0)) )} -> 0.68364656 | I105: {=MMULT( MMULT( INDEX($X$5:$AM$77, MATCH(I$100,_xlfn.ANCHORARRAY( $W$5), 0), 0), $F$5:$U$20 ), TRANSPOSE( INDEX($X$5:$AM$77, MATCH($A105,_xlfn.ANCHORARRAY( $W$5), 0), 0) ) ) / ( INDEX($AN$5:$AN$77, MATCH(I$100,_xlfn.ANCHORARRAY( $W$5), 0)) * INDEX($AN$5:$AN$77, MATCH($A105,_xlfn.ANCHORARRAY( $W$5), 0)) )} -> 0.68963076 | ... BV105: {=MMULT( MMULT( INDEX($X$5:$AM$77, MATCH(BV$100,_xlfn.ANCHORARRAY( $W$5), 0), 0), $F$5:$U$20 ), TRANSPOSE( INDEX($X$5:$AM$77, MATCH($A105,_xlfn.ANCHORARRAY( $W$5), 0), 0) ) ) / ( INDEX($AN$5:$AN$77, MATCH(BV$100,_xlfn.ANCHORARRAY( $W$5), 0)) * INDEX($AN$5:$AN$77, MATCH($A105,_xlfn.ANCHORARRAY( $W$5), 0)) )} -> 0.75728094
A106: Anderson, Ian | B106: {=MMULT( MMULT( INDEX($X$5:$AM$77, MATCH(B$100,_xlfn.ANCHORARRAY( $W$5), 0), 0), $F$5:$U$20 ), TRANSPOSE( INDEX($X$5:$AM$77, MATCH($A106,_xlfn.ANCHORARRAY( $W$5), 0), 0) ) ) / ( INDEX($AN$5:$AN$77, MATCH(B$100,_xlfn.ANCHORARRAY( $W$5), 0)) * INDEX($AN$5:$AN$77, MATCH($A106,_xlfn.ANCHORARRAY( $W$5), 0)) )} -> 0.8742667 | C106: {=MMULT( MMULT( INDEX($X$5:$AM$77, MATCH(C$100,_xlfn.ANCHORARRAY( $W$5), 0), 0), $F$5:$U$20 ), TRANSPOSE( INDEX($X$5:$AM$77, MATCH($A106,_xlfn.ANCHORARRAY( $W$5), 0), 0) ) ) / ( INDEX($AN$5:$AN$77, MATCH(C$100,_xlfn.ANCHORARRAY( $W$5), 0)) * INDEX($AN$5:$AN$77, MATCH($A106,_xlfn.ANCHORARRAY( $W$5), 0)) )} -> 0.85493935 | D106: {=MMULT( MMULT( INDEX($X$5:$AM$77, MATCH(D$100,_xlfn.ANCHORARRAY( $W$5), 0), 0), $F$5:$U$20 ), TRANSPOSE( INDEX($X$5:$AM$77, MATCH($A106,_xlfn.ANCHORARRAY( $W$5), 0), 0) ) ) / ( INDEX($AN$5:$AN$77, MATCH(D$100,_xlfn.ANCHORARRAY( $W$5), 0)) * INDEX($AN$5:$AN$77, MATCH($A106,_xlfn.ANCHORARRAY( $W$5), 0)) )} -> 0.74667564 | E106: {=MMULT( MMULT( INDEX($X$5:$AM$77, MATCH(E$100,_xlfn.ANCHORARRAY( $W$5), 0), 0), $F$5:$U$20 ), TRANSPOSE( INDEX($X$5:$AM$77, MATCH($A106,_xlfn.ANCHORARRAY( $W$5), 0), 0) ) ) / ( INDEX($AN$5:$AN$77, MATCH(E$100,_xlfn.ANCHORARRAY( $W$5), 0)) * INDEX($AN$5:$AN$77, MATCH($A106,_xlfn.ANCHORARRAY( $W$5), 0)) )} -> 0.6374281 | F106: {=MMULT( MMULT( INDEX($X$5:$AM$77, MATCH(F$100,_xlfn.ANCHORARRAY( $W$5), 0), 0), $F$5:$U$20 ), TRANSPOSE( INDEX($X$5:$AM$77, MATCH($A106,_xlfn.ANCHORARRAY( $W$5), 0), 0) ) ) / ( INDEX($AN$5:$AN$77, MATCH(F$100,_xlfn.ANCHORARRAY( $W$5), 0)) * INDEX($AN$5:$AN$77, MATCH($A106,_xlfn.ANCHORARRAY( $W$5), 0)) )} -> 0.64995698 | G106: {=MMULT( MMULT( INDEX($X$5:$AM$77, MATCH(G$100,_xlfn.ANCHORARRAY( $W$5), 0), 0), $F$5:$U$20 ), TRANSPOSE( INDEX($X$5:$AM$77, MATCH($A106,_xlfn.ANCHORARRAY( $W$5), 0), 0) ) ) / ( INDEX($AN$5:$AN$77, MATCH(G$100,_xlfn.ANCHORARRAY( $W$5), 0)) * INDEX($AN$5:$AN$77, MATCH($A106,_xlfn.ANCHORARRAY( $W$5), 0)) )} -> 1 | H106: {=MMULT( MMULT( INDEX($X$5:$AM$77, MATCH(H$100,_xlfn.ANCHORARRAY( $W$5), 0), 0), $F$5:$U$20 ), TRANSPOSE( INDEX($X$5:$AM$77, MATCH($A106,_xlfn.ANCHORARRAY( $W$5), 0), 0) ) ) / ( INDEX($AN$5:$AN$77, MATCH(H$100,_xlfn.ANCHORARRAY( $W$5), 0)) * INDEX($AN$5:$AN$77, MATCH($A106,_xlfn.ANCHORARRAY( $W$5), 0)) )} -> 0.82599519 | I106: {=MMULT( MMULT( INDEX($X$5:$AM$77, MATCH(I$100,_xlfn.ANCHORARRAY( $W$5), 0), 0), $F$5:$U$20 ), TRANSPOSE( INDEX($X$5:$AM$77, MATCH($A106,_xlfn.ANCHORARRAY( $W$5), 0), 0) ) ) / ( INDEX($AN$5:$AN$77, MATCH(I$100,_xlfn.ANCHORARRAY( $W$5), 0)) * INDEX($AN$5:$AN$77, MATCH($A106,_xlfn.ANCHORARRAY( $W$5), 0)) )} -> 0.80194771 | ... BV106: {=MMULT( MMULT( INDEX($X$5:$AM$77, MATCH(BV$100,_xlfn.ANCHORARRAY( $W$5), 0), 0), $F$5:$U$20 ), TRANSPOSE( INDEX($X$5:$AM$77, MATCH($A106,_xlfn.ANCHORARRAY( $W$5), 0), 0) ) ) / ( INDEX($AN$5:$AN$77, MATCH(BV$100,_xlfn.ANCHORARRAY( $W$5), 0)) * INDEX($AN$5:$AN$77, MATCH($A106,_xlfn.ANCHORARRAY( $W$5), 0)) )} -> 0.94100913
A107: Minter, A.J. | B107: {=MMULT( MMULT( INDEX($X$5:$AM$77, MATCH(B$100,_xlfn.ANCHORARRAY( $W$5), 0), 0), $F$5:$U$20 ), TRANSPOSE( INDEX($X$5:$AM$77, MATCH($A107,_xlfn.ANCHORARRAY( $W$5), 0), 0) ) ) / ( INDEX($AN$5:$AN$77, MATCH(B$100,_xlfn.ANCHORARRAY( $W$5), 0)) * INDEX($AN$5:$AN$77, MATCH($A107,_xlfn.ANCHORARRAY( $W$5), 0)) )} -> 0.82615285 | C107: {=MMULT( MMULT( INDEX($X$5:$AM$77, MATCH(C$100,_xlfn.ANCHORARRAY( $W$5), 0), 0), $F$5:$U$20 ), TRANSPOSE( INDEX($X$5:$AM$77, MATCH($A107,_xlfn.ANCHORARRAY( $W$5), 0), 0) ) ) / ( INDEX($AN$5:$AN$77, MATCH(C$100,_xlfn.ANCHORARRAY( $W$5), 0)) * INDEX($AN$5:$AN$77, MATCH($A107,_xlfn.ANCHORARRAY( $W$5), 0)) )} -> 0.74871372 | D107: {=MMULT( MMULT( INDEX($X$5:$AM$77, MATCH(D$100,_xlfn.ANCHORARRAY( $W$5), 0), 0), $F$5:$U$20 ), TRANSPOSE( INDEX($X$5:$AM$77, MATCH($A107,_xlfn.ANCHORARRAY( $W$5), 0), 0) ) ) / ( INDEX($AN$5:$AN$77, MATCH(D$100,_xlfn.ANCHORARRAY( $W$5), 0)) * INDEX($AN$5:$AN$77, MATCH($A107,_xlfn.ANCHORARRAY( $W$5), 0)) )} -> 0.81516213 | E107: {=MMULT( MMULT( INDEX($X$5:$AM$77, MATCH(E$100,_xlfn.ANCHORARRAY( $W$5), 0), 0), $F$5:$U$20 ), TRANSPOSE( INDEX($X$5:$AM$77, MATCH($A107,_xlfn.ANCHORARRAY( $W$5), 0), 0) ) ) / ( INDEX($AN$5:$AN$77, MATCH(E$100,_xlfn.ANCHORARRAY( $W$5), 0)) * INDEX($AN$5:$AN$77, MATCH($A107,_xlfn.ANCHORARRAY( $W$5), 0)) )} -> 0.7197854 | F107: {=MMULT( MMULT( INDEX($X$5:$AM$77, MATCH(F$100,_xlfn.ANCHORARRAY( $W$5), 0), 0), $F$5:$U$20 ), TRANSPOSE( INDEX($X$5:$AM$77, MATCH($A107,_xlfn.ANCHORARRAY( $W$5), 0), 0) ) ) / ( INDEX($AN$5:$AN$77, MATCH(F$100,_xlfn.ANCHORARRAY( $W$5), 0)) * INDEX($AN$5:$AN$77, MATCH($A107,_xlfn.ANCHORARRAY( $W$5), 0)) )} -> 0.68364656 | G107: {=MMULT( MMULT( INDEX($X$5:$AM$77, MATCH(G$100,_xlfn.ANCHORARRAY( $W$5), 0), 0), $F$5:$U$20 ), TRANSPOSE( INDEX($X$5:$AM$77, MATCH($A107,_xlfn.ANCHORARRAY( $W$5), 0), 0) ) ) / ( INDEX($AN$5:$AN$77, MATCH(G$100,_xlfn.ANCHORARRAY( $W$5), 0)) * INDEX($AN$5:$AN$77, MATCH($A107,_xlfn.ANCHORARRAY( $W$5), 0)) )} -> 0.82599519 | H107: {=MMULT( MMULT( INDEX($X$5:$AM$77, MATCH(H$100,_xlfn.ANCHORARRAY( $W$5), 0), 0), $F$5:$U$20 ), TRANSPOSE( INDEX($X$5:$AM$77, MATCH($A107,_xlfn.ANCHORARRAY( $W$5), 0), 0) ) ) / ( INDEX($AN$5:$AN$77, MATCH(H$100,_xlfn.ANCHORARRAY( $W$5), 0)) * INDEX($AN$5:$AN$77, MATCH($A107,_xlfn.ANCHORARRAY( $W$5), 0)) )} -> 1 | I107: {=MMULT( MMULT( INDEX($X$5:$AM$77, MATCH(I$100,_xlfn.ANCHORARRAY( $W$5), 0), 0), $F$5:$U$20 ), TRANSPOSE( INDEX($X$5:$AM$77, MATCH($A107,_xlfn.ANCHORARRAY( $W$5), 0), 0) ) ) / ( INDEX($AN$5:$AN$77, MATCH(I$100,_xlfn.ANCHORARRAY( $W$5), 0)) * INDEX($AN$5:$AN$77, MATCH($A107,_xlfn.ANCHORARRAY( $W$5), 0)) )} -> 0.73185157 | ... BV107: {=MMULT( MMULT( INDEX($X$5:$AM$77, MATCH(BV$100,_xlfn.ANCHORARRAY( $W$5), 0), 0), $F$5:$U$20 ), TRANSPOSE( INDEX($X$5:$AM$77, MATCH($A107,_xlfn.ANCHORARRAY( $W$5), 0), 0) ) ) / ( INDEX($AN$5:$AN$77, MATCH(BV$100,_xlfn.ANCHORARRAY( $W$5), 0)) * INDEX($AN$5:$AN$77, MATCH($A107,_xlfn.ANCHORARRAY( $W$5), 0)) )} -> 0.80994617
A108: Wright, Kyle | B108: {=MMULT( MMULT( INDEX($X$5:$AM$77, MATCH(B$100,_xlfn.ANCHORARRAY( $W$5), 0), 0), $F$5:$U$20 ), TRANSPOSE( INDEX($X$5:$AM$77, MATCH($A108,_xlfn.ANCHORARRAY( $W$5), 0), 0) ) ) / ( INDEX($AN$5:$AN$77, MATCH(B$100,_xlfn.ANCHORARRAY( $W$5), 0)) * INDEX($AN$5:$AN$77, MATCH($A108,_xlfn.ANCHORARRAY( $W$5), 0)) )} -> 0.88798093 | C108: {=MMULT( MMULT( INDEX($X$5:$AM$77, MATCH(C$100,_xlfn.ANCHORARRAY( $W$5), 0), 0), $F$5:$U$20 ), TRANSPOSE( INDEX($X$5:$AM$77, MATCH($A108,_xlfn.ANCHORARRAY( $W$5), 0), 0) ) ) / ( INDEX($AN$5:$AN$77, MATCH(C$100,_xlfn.ANCHORARRAY( $W$5), 0)) * INDEX($AN$5:$AN$77, MATCH($A108,_xlfn.ANCHORARRAY( $W$5), 0)) )} -> 0.84409499 | D108: {=MMULT( MMULT( INDEX($X$5:$AM$77, MATCH(D$100,_xlfn.ANCHORARRAY( $W$5), 0), 0), $F$5:$U$20 ), TRANSPOSE( INDEX($X$5:$AM$77, MATCH($A108,_xlfn.ANCHORARRAY( $W$5), 0), 0) ) ) / ( INDEX($AN$5:$AN$77, MATCH(D$100,_xlfn.ANCHORARRAY( $W$5), 0)) * INDEX($AN$5:$AN$77, MATCH($A108,_xlfn.ANCHORARRAY( $W$5), 0)) )} -> 0.73971799 | E108: {=MMULT( MMULT( INDEX($X$5:$AM$77, MATCH(E$100,_xlfn.ANCHORARRAY( $W$5), 0), 0), $F$5:$U$20 ), TRANSPOSE( INDEX($X$5:$AM$77, MATCH($A108,_xlfn.ANCHORARRAY( $W$5), 0), 0) ) ) / ( INDEX($AN$5:$AN$77, MATCH(E$100,_xlfn.ANCHORARRAY( $W$5), 0)) * INDEX($AN$5:$AN$77, MATCH($A108,_xlfn.ANCHORARRAY( $W$5), 0)) )} -> 0.77551184 | F108: {=MMULT( MMULT( INDEX($X$5:$AM$77, MATCH(F$100,_xlfn.ANCHORARRAY( $W$5), 0), 0), $F$5:$U$20 ), TRANSPOSE( INDEX($X$5:$AM$77, MATCH($A108,_xlfn.ANCHORARRAY( $W$5), 0), 0) ) ) / ( INDEX($AN$5:$AN$77, MATCH(F$100,_xlfn.ANCHORARRAY( $W$5), 0)) * INDEX($AN$5:$AN$77, MATCH($A108,_xlfn.ANCHORARRAY( $W$5), 0)) )} -> 0.68963076 | G108: {=MMULT( MMULT( INDEX($X$5:$AM$77, MATCH(G$100,_xlfn.ANCHORARRAY( $W$5), 0), 0), $F$5:$U$20 ), TRANSPOSE( INDEX($X$5:$AM$77, MATCH($A108,_xlfn.ANCHORARRAY( $W$5), 0), 0) ) ) / ( INDEX($AN$5:$AN$77, MATCH(G$100,_xlfn.ANCHORARRAY( $W$5), 0)) * INDEX($AN$5:$AN$77, MATCH($A108,_xlfn.ANCHORARRAY( $W$5), 0)) )} -> 0.80194771 | H108: {=MMULT( MMULT( INDEX($X$5:$AM$77, MATCH(H$100,_xlfn.ANCHORARRAY( $W$5), 0), 0), $F$5:$U$20 ), TRANSPOSE( INDEX($X$5:$AM$77, MATCH($A108,_xlfn.ANCHORARRAY( $W$5), 0), 0) ) ) / ( INDEX($AN$5:$AN$77, MATCH(H$100,_xlfn.ANCHORARRAY( $W$5), 0)) * INDEX($AN$5:$AN$77, MATCH($A108,_xlfn.ANCHORARRAY( $W$5), 0)) )} -> 0.73185157 | I108: {=MMULT( MMULT( INDEX($X$5:$AM$77, MATCH(I$100,_xlfn.ANCHORARRAY( $W$5), 0), 0), $F$5:$U$20 ), TRANSPOSE( INDEX($X$5:$AM$77, MATCH($A108,_xlfn.ANCHORARRAY( $W$5), 0), 0) ) ) / ( INDEX($AN$5:$AN$77, MATCH(I$100,_xlfn.ANCHORARRAY( $W$5), 0)) * INDEX($AN$5:$AN$77, MATCH($A108,_xlfn.ANCHORARRAY( $W$5), 0)) )} -> 1 | ... BV108: {=MMULT( MMULT( INDEX($X$5:$AM$77, MATCH(BV$100,_xlfn.ANCHORARRAY( $W$5), 0), 0), $F$5:$U$20 ), TRANSPOSE( INDEX($X$5:$AM$77, MATCH($A108,_xlfn.ANCHORARRAY( $W$5), 0), 0) ) ) / ( INDEX($AN$5:$AN$77, MATCH(BV$100,_xlfn.ANCHORARRAY( $W$5), 0)) * INDEX($AN$5:$AN$77, MATCH($A108,_xlfn.ANCHORARRAY( $W$5), 0)) )} -> 0.72805685
A109: Schwellenbach, Spencer | B109: {=MMULT( MMULT( INDEX($X$5:$AM$77, MATCH(B$100,_xlfn.ANCHORARRAY( $W$5), 0), 0), $F$5:$U$20 ), TRANSPOSE( INDEX($X$5:$AM$77, MATCH($A109,_xlfn.ANCHORARRAY( $W$5), 0), 0) ) ) / ( INDEX($AN$5:$AN$77, MATCH(B$100,_xlfn.ANCHORARRAY( $W$5), 0)) * INDEX($AN$5:$AN$77, MATCH($A109,_xlfn.ANCHORARRAY( $W$5), 0)) )} -> 0.95758818 | C109: {=MMULT( MMULT( INDEX($X$5:$AM$77, MATCH(C$100,_xlfn.ANCHORARRAY( $W$5), 0), 0), $F$5:$U$20 ), TRANSPOSE( INDEX($X$5:$AM$77, MATCH($A109,_xlfn.ANCHORARRAY( $W$5), 0), 0) ) ) / ( INDEX($AN$5:$AN$77, MATCH(C$100,_xlfn.ANCHORARRAY( $W$5), 0)) * INDEX($AN$5:$AN$77, MATCH($A109,_xlfn.ANCHORARRAY( $W$5), 0)) )} -> 0.83504151 | D109: {=MMULT( MMULT( INDEX($X$5:$AM$77, MATCH(D$100,_xlfn.ANCHORARRAY( $W$5), 0), 0), $F$5:$U$20 ), TRANSPOSE( INDEX($X$5:$AM$77, MATCH($A109,_xlfn.ANCHORARRAY( $W$5), 0), 0) ) ) / ( INDEX($AN$5:$AN$77, MATCH(D$100,_xlfn.ANCHORARRAY( $W$5), 0)) * INDEX($AN$5:$AN$77, MATCH($A109,_xlfn.ANCHORARRAY( $W$5), 0)) )} -> 0.92350149 | E109: {=MMULT( MMULT( INDEX($X$5:$AM$77, MATCH(E$100,_xlfn.ANCHORARRAY( $W$5), 0), 0), $F$5:$U$20 ), TRANSPOSE( INDEX($X$5:$AM$77, MATCH($A109,_xlfn.ANCHORARRAY( $W$5), 0), 0) ) ) / ( INDEX($AN$5:$AN$77, MATCH(E$100,_xlfn.ANCHORARRAY( $W$5), 0)) * INDEX($AN$5:$AN$77, MATCH($A109,_xlfn.ANCHORARRAY( $W$5), 0)) )} -> 0.86724435 | F109: {=MMULT( MMULT( INDEX($X$5:$AM$77, MATCH(F$100,_xlfn.ANCHORARRAY( $W$5), 0), 0), $F$5:$U$20 ), TRANSPOSE( INDEX($X$5:$AM$77, MATCH($A109,_xlfn.ANCHORARRAY( $W$5), 0), 0) ) ) / ( INDEX($AN$5:$AN$77, MATCH(F$100,_xlfn.ANCHORARRAY( $W$5), 0)) * INDEX($AN$5:$AN$77, MATCH($A109,_xlfn.ANCHORARRAY( $W$5), 0)) )} -> 0.86497195 | G109: {=MMULT( MMULT( INDEX($X$5:$AM$77, MATCH(G$100,_xlfn.ANCHORARRAY( $W$5), 0), 0), $F$5:$U$20 ), TRANSPOSE( INDEX($X$5:$AM$77, MATCH($A109,_xlfn.ANCHORARRAY( $W$5), 0), 0) ) ) / ( INDEX($AN$5:$AN$77, MATCH(G$100,_xlfn.ANCHORARRAY( $W$5), 0)) * INDEX($AN$5:$AN$77, MATCH($A109,_xlfn.ANCHORARRAY( $W$5), 0)) )} -> 0.82956464 | H109: {=MMULT( MMULT( INDEX($X$5:$AM$77, MATCH(H$100,_xlfn.ANCHORARRAY( $W$5), 0), 0), $F$5:$U$20 ), TRANSPOSE( INDEX($X$5:$AM$77, MATCH($A109,_xlfn.ANCHORARRAY( $W$5), 0), 0) ) ) / ( INDEX($AN$5:$AN$77, MATCH(H$100,_xlfn.ANCHORARRAY( $W$5), 0)) * INDEX($AN$5:$AN$77, MATCH($A109,_xlfn.ANCHORARRAY( $W$5), 0)) )} -> 0.88572859 | I109: {=MMULT( MMULT( INDEX($X$5:$AM$77, MATCH(I$100,_xlfn.ANCHORARRAY( $W$5), 0), 0), $F$5:$U$20 ), TRANSPOSE( INDEX($X$5:$AM$77, MATCH($A109,_xlfn.ANCHORARRAY( $W$5), 0), 0) ) ) / ( INDEX($AN$5:$AN$77, MATCH(I$100,_xlfn.ANCHORARRAY( $W$5), 0)) * INDEX($AN$5:$AN$77, MATCH($A109,_xlfn.ANCHORARRAY( $W$5), 0)) )} -> 0.84657357 | ... BV109: {=MMULT( MMULT( INDEX($X$5:$AM$77, MATCH(BV$100,_xlfn.ANCHORARRAY( $W$5), 0), 0), $F$5:$U$20 ), TRANSPOSE( INDEX($X$5:$AM$77, MATCH($A109,_xlfn.ANCHORARRAY( $W$5), 0), 0) ) ) / ( INDEX($AN$5:$AN$77, MATCH(BV$100,_xlfn.ANCHORARRAY( $W$5), 0)) * INDEX($AN$5:$AN$77, MATCH($A109,_xlfn.ANCHORARRAY( $W$5), 0)) )} -> 0.80569885
A110: Soroka, Michael | B110: {=MMULT( MMULT( INDEX($X$5:$AM$77, MATCH(B$100,_xlfn.ANCHORARRAY( $W$5), 0), 0), $F$5:$U$20 ), TRANSPOSE( INDEX($X$5:$AM$77, MATCH($A110,_xlfn.ANCHORARRAY( $W$5), 0), 0) ) ) / ( INDEX($AN$5:$AN$77, MATCH(B$100,_xlfn.ANCHORARRAY( $W$5), 0)) * INDEX($AN$5:$AN$77, MATCH($A110,_xlfn.ANCHORARRAY( $W$5), 0)) )} -> 0.86428009 | C110: {=MMULT( MMULT( INDEX($X$5:$AM$77, MATCH(C$100,_xlfn.ANCHORARRAY( $W$5), 0), 0), $F$5:$U$20 ), TRANSPOSE( INDEX($X$5:$AM$77, MATCH($A110,_xlfn.ANCHORARRAY( $W$5), 0), 0) ) ) / ( INDEX($AN$5:$AN$77, MATCH(C$100,_xlfn.ANCHORARRAY( $W$5), 0)) * INDEX($AN$5:$AN$77, MATCH($A110,_xlfn.ANCHORARRAY( $W$5), 0)) )} -> 0.66799115 | D110: {=MMULT( MMULT( INDEX($X$5:$AM$77, MATCH(D$100,_xlfn.ANCHORARRAY( $W$5), 0), 0), $F$5:$U$20 ), TRANSPOSE( INDEX($X$5:$AM$77, MATCH($A110,_xlfn.ANCHORARRAY( $W$5), 0), 0) ) ) / ( INDEX($AN$5:$AN$77, MATCH(D$100,_xlfn.ANCHORARRAY( $W$5), 0)) * INDEX($AN$5:$AN$77, MATCH($A110,_xlfn.ANCHORARRAY( $W$5), 0)) )} -> 0.88176618 | E110: {=MMULT( MMULT( INDEX($X$5:$AM$77, MATCH(E$100,_xlfn.ANCHORARRAY( $W$5), 0), 0), $F$5:$U$20 ), TRANSPOSE( INDEX($X$5:$AM$77, MATCH($A110,_xlfn.ANCHORARRAY( $W$5), 0), 0) ) ) / ( INDEX($AN$5:$AN$77, MATCH(E$100,_xlfn.ANCHORARRAY( $W$5), 0)) * INDEX($AN$5:$AN$77, MATCH($A110,_xlfn.ANCHORARRAY( $W$5), 0)) )} -> 0.98204675 | F110: {=MMULT( MMULT( INDEX($X$5:$AM$77, MATCH(F$100,_xlfn.ANCHORARRAY( $W$5), 0), 0), $F$5:$U$20 ), TRANSPOSE( INDEX($X$5:$AM$77, MATCH($A110,_xlfn.ANCHORARRAY( $W$5), 0), 0) ) ) / ( INDEX($AN$5:$AN$77, MATCH(F$100,_xlfn.ANCHORARRAY( $W$5), 0)) * INDEX($AN$5:$AN$77, MATCH($A110,_xlfn.ANCHORARRAY( $W$5), 0)) )} -> 0.87674313 | G110: {=MMULT( MMULT( INDEX($X$5:$AM$77, MATCH(G$100,_xlfn.ANCHORARRAY( $W$5), 0), 0), $F$5:$U$20 ), TRANSPOSE( INDEX($X$5:$AM$77, MATCH($A110,_xlfn.ANCHORARRAY( $W$5), 0), 0) ) ) / ( INDEX($AN$5:$AN$77, MATCH(G$100,_xlfn.ANCHORARRAY( $W$5), 0)) * INDEX($AN$5:$AN$77, MATCH($A110,_xlfn.ANCHORARRAY( $W$5), 0)) )} -> 0.72536988 | H110: {=MMULT( MMULT( INDEX($X$5:$AM$77, MATCH(H$100,_xlfn.ANCHORARRAY( $W$5), 0), 0), $F$5:$U$20 ), TRANSPOSE( INDEX($X$5:$AM$77, MATCH($A110,_xlfn.ANCHORARRAY( $W$5), 0), 0) ) ) / ( INDEX($AN$5:$AN$77, MATCH(H$100,_xlfn.ANCHORARRAY( $W$5), 0)) * INDEX($AN$5:$AN$77, MATCH($A110,_xlfn.ANCHORARRAY( $W$5), 0)) )} -> 0.81766407 | I110: {=MMULT( MMULT( INDEX($X$5:$AM$77, MATCH(I$100,_xlfn.ANCHORARRAY( $W$5), 0), 0), $F$5:$U$20 ), TRANSPOSE( INDEX($X$5:$AM$77, MATCH($A110,_xlfn.ANCHORARRAY( $W$5), 0), 0) ) ) / ( INDEX($AN$5:$AN$77, MATCH(I$100,_xlfn.ANCHORARRAY( $W$5), 0)) * INDEX($AN$5:$AN$77, MATCH($A110,_xlfn.ANCHORARRAY( $W$5), 0)) )} -> 0.81574218 | ... BV110: {=MMULT( MMULT( INDEX($X$5:$AM$77, MATCH(BV$100,_xlfn.ANCHORARRAY( $W$5), 0), 0), $F$5:$U$20 ), TRANSPOSE( INDEX($X$5:$AM$77, MATCH($A110,_xlfn.ANCHORARRAY( $W$5), 0), 0) ) ) / ( INDEX($AN$5:$AN$77, MATCH(BV$100,_xlfn.ANCHORARRAY( $W$5), 0)) * INDEX($AN$5:$AN$77, MATCH($A110,_xlfn.ANCHORARRAY( $W$5), 0)) )} -> 0.78207506
A111: Chavez, Jesse | B111: {=MMULT( MMULT( INDEX($X$5:$AM$77, MATCH(B$100,_xlfn.ANCHORARRAY( $W$5), 0), 0), $F$5:$U$20 ), TRANSPOSE( INDEX($X$5:$AM$77, MATCH($A111,_xlfn.ANCHORARRAY( $W$5), 0), 0) ) ) / ( INDEX($AN$5:$AN$77, MATCH(B$100,_xlfn.ANCHORARRAY( $W$5), 0)) * INDEX($AN$5:$AN$77, MATCH($A111,_xlfn.ANCHORARRAY( $W$5), 0)) )} -> 0.76076316 | C111: {=MMULT( MMULT( INDEX($X$5:$AM$77, MATCH(C$100,_xlfn.ANCHORARRAY( $W$5), 0), 0), $F$5:$U$20 ), TRANSPOSE( INDEX($X$5:$AM$77, MATCH($A111,_xlfn.ANCHORARRAY( $W$5), 0), 0) ) ) / ( INDEX($AN$5:$AN$77, MATCH(C$100,_xlfn.ANCHORARRAY( $W$5), 0)) * INDEX($AN$5:$AN$77, MATCH($A111,_xlfn.ANCHORARRAY( $W$5), 0)) )} -> 0.71471386 | D111: {=MMULT( MMULT( INDEX($X$5:$AM$77, MATCH(D$100,_xlfn.ANCHORARRAY( $W$5), 0), 0), $F$5:$U$20 ), TRANSPOSE( INDEX($X$5:$AM$77, MATCH($A111,_xlfn.ANCHORARRAY( $W$5), 0), 0) ) ) / ( INDEX($AN$5:$AN$77, MATCH(D$100,_xlfn.ANCHORARRAY( $W$5), 0)) * INDEX($AN$5:$AN$77, MATCH($A111,_xlfn.ANCHORARRAY( $W$5), 0)) )} -> 0.67945451 | E111: {=MMULT( MMULT( INDEX($X$5:$AM$77, MATCH(E$100,_xlfn.ANCHORARRAY( $W$5), 0), 0), $F$5:$U$20 ), TRANSPOSE( INDEX($X$5:$AM$77, MATCH($A111,_xlfn.ANCHORARRAY( $W$5), 0), 0) ) ) / ( INDEX($AN$5:$AN$77, MATCH(E$100,_xlfn.ANCHORARRAY( $W$5), 0)) * INDEX($AN$5:$AN$77, MATCH($A111,_xlfn.ANCHORARRAY( $W$5), 0)) )} -> 0.76605978 | F111: {=MMULT( MMULT( INDEX($X$5:$AM$77, MATCH(F$100,_xlfn.ANCHORARRAY( $W$5), 0), 0), $F$5:$U$20 ), TRANSPOSE( INDEX($X$5:$AM$77, MATCH($A111,_xlfn.ANCHORARRAY( $W$5), 0), 0) ) ) / ( INDEX($AN$5:$AN$77, MATCH(F$100,_xlfn.ANCHORARRAY( $W$5), 0)) * INDEX($AN$5:$AN$77, MATCH($A111,_xlfn.ANCHORARRAY( $W$5), 0)) )} -> 0.59961135 | G111: {=MMULT( MMULT( INDEX($X$5:$AM$77, MATCH(G$100,_xlfn.ANCHORARRAY( $W$5), 0), 0), $F$5:$U$20 ), TRANSPOSE( INDEX($X$5:$AM$77, MATCH($A111,_xlfn.ANCHORARRAY( $W$5), 0), 0) ) ) / ( INDEX($AN$5:$AN$77, MATCH(G$100,_xlfn.ANCHORARRAY( $W$5), 0)) * INDEX($AN$5:$AN$77, MATCH($A111,_xlfn.ANCHORARRAY( $W$5), 0)) )} -> 0.69636701 | H111: {=MMULT( MMULT( INDEX($X$5:$AM$77, MATCH(H$100,_xlfn.ANCHORARRAY( $W$5), 0), 0), $F$5:$U$20 ), TRANSPOSE( INDEX($X$5:$AM$77, MATCH($A111,_xlfn.ANCHORARRAY( $W$5), 0), 0) ) ) / ( INDEX($AN$5:$AN$77, MATCH(H$100,_xlfn.ANCHORARRAY( $W$5), 0)) * INDEX($AN$5:$AN$77, MATCH($A111,_xlfn.ANCHORARRAY( $W$5), 0)) )} -> 0.92395028 | I111: {=MMULT( MMULT( INDEX($X$5:$AM$77, MATCH(I$100,_xlfn.ANCHORARRAY( $W$5), 0), 0), $F$5:$U$20 ), TRANSPOSE( INDEX($X$5:$AM$77, MATCH($A111,_xlfn.ANCHORARRAY( $W$5), 0), 0) ) ) / ( INDEX($AN$5:$AN$77, MATCH(I$100,_xlfn.ANCHORARRAY( $W$5), 0)) * INDEX($AN$5:$AN$77, MATCH($A111,_xlfn.ANCHORARRAY( $W$5), 0)) )} -> 0.73854745 | ... BV111: {=MMULT( MMULT( INDEX($X$5:$AM$77, MATCH(BV$100,_xlfn.ANCHORARRAY( $W$5), 0), 0), $F$5:$U$20 ), TRANSPOSE( INDEX($X$5:$AM$77, MATCH($A111,_xlfn.ANCHORARRAY( $W$5), 0), 0) ) ) / ( INDEX($AN$5:$AN$77, MATCH(BV$100,_xlfn.ANCHORARRAY( $W$5), 0)) * INDEX($AN$5:$AN$77, MATCH($A111,_xlfn.ANCHORARRAY( $W$5), 0)) )} -> 0.67538975
A112: Iglesias, Raisel | B112: {=MMULT( MMULT( INDEX($X$5:$AM$77, MATCH(B$100,_xlfn.ANCHORARRAY( $W$5), 0), 0), $F$5:$U$20 ), TRANSPOSE( INDEX($X$5:$AM$77, MATCH($A112,_xlfn.ANCHORARRAY( $W$5), 0), 0) ) ) / ( INDEX($AN$5:$AN$77, MATCH(B$100,_xlfn.ANCHORARRAY( $W$5), 0)) * INDEX($AN$5:$AN$77, MATCH($A112,_xlfn.ANCHORARRAY( $W$5), 0)) )} -> 0.84973191 | C112: {=MMULT( MMULT( INDEX($X$5:$AM$77, MATCH(C$100,_xlfn.ANCHORARRAY( $W$5), 0), 0), $F$5:$U$20 ), TRANSPOSE( INDEX($X$5:$AM$77, MATCH($A112,_xlfn.ANCHORARRAY( $W$5), 0), 0) ) ) / ( INDEX($AN$5:$AN$77, MATCH(C$100,_xlfn.ANCHORARRAY( $W$5), 0)) * INDEX($AN$5:$AN$77, MATCH($A112,_xlfn.ANCHORARRAY( $W$5), 0)) )} -> 0.68474932 | D112: {=MMULT( MMULT( INDEX($X$5:$AM$77, MATCH(D$100,_xlfn.ANCHORARRAY( $W$5), 0), 0), $F$5:$U$20 ), TRANSPOSE( INDEX($X$5:$AM$77, MATCH($A112,_xlfn.ANCHORARRAY( $W$5), 0), 0) ) ) / ( INDEX($AN$5:$AN$77, MATCH(D$100,_xlfn.ANCHORARRAY( $W$5), 0)) * INDEX($AN$5:$AN$77, MATCH($A112,_xlfn.ANCHORARRAY( $W$5), 0)) )} -> 0.85645547 | E112: {=MMULT( MMULT( INDEX($X$5:$AM$77, MATCH(E$100,_xlfn.ANCHORARRAY( $W$5), 0), 0), $F$5:$U$20 ), TRANSPOSE( INDEX($X$5:$AM$77, MATCH($A112,_xlfn.ANCHORARRAY( $W$5), 0), 0) ) ) / ( INDEX($AN$5:$AN$77, MATCH(E$100,_xlfn.ANCHORARRAY( $W$5), 0)) * INDEX($AN$5:$AN$77, MATCH($A112,_xlfn.ANCHORARRAY( $W$5), 0)) )} -> 0.87179615 | F112: {=MMULT( MMULT( INDEX($X$5:$AM$77, MATCH(F$100,_xlfn.ANCHORARRAY( $W$5), 0), 0), $F$5:$U$20 ), TRANSPOSE( INDEX($X$5:$AM$77, MATCH($A112,_xlfn.ANCHORARRAY( $W$5), 0), 0) ) ) / ( INDEX($AN$5:$AN$77, MATCH(F$100,_xlfn.ANCHORARRAY( $W$5), 0)) * INDEX($AN$5:$AN$77, MATCH($A112,_xlfn.ANCHORARRAY( $W$5), 0)) )} -> 0.83582536 | G112: {=MMULT( MMULT( INDEX($X$5:$AM$77, MATCH(G$100,_xlfn.ANCHORARRAY( $W$5), 0), 0), $F$5:$U$20 ), TRANSPOSE( INDEX($X$5:$AM$77, MATCH($A112,_xlfn.ANCHORARRAY( $W$5), 0), 0) ) ) / ( INDEX($AN$5:$AN$77, MATCH(G$100,_xlfn.ANCHORARRAY( $W$5), 0)) * INDEX($AN$5:$AN$77, MATCH($A112,_xlfn.ANCHORARRAY( $W$5), 0)) )} -> 0.89531237 | H112: {=MMULT( MMULT( INDEX($X$5:$AM$77, MATCH(H$100,_xlfn.ANCHORARRAY( $W$5), 0), 0), $F$5:$U$20 ), TRANSPOSE( INDEX($X$5:$AM$77, MATCH($A112,_xlfn.ANCHORARRAY( $W$5), 0), 0) ) ) / ( INDEX($AN$5:$AN$77, MATCH(H$100,_xlfn.ANCHORARRAY( $W$5), 0)) * INDEX($AN$5:$AN$77, MATCH($A112,_xlfn.ANCHORARRAY( $W$5), 0)) )} -> 0.85826685 | I112: {=MMULT( MMULT( INDEX($X$5:$AM$77, MATCH(I$100,_xlfn.ANCHORARRAY( $W$5), 0), 0), $F$5:$U$20 ), TRANSPOSE( INDEX($X$5:$AM$77, MATCH($A112,_xlfn.ANCHORARRAY( $W$5), 0), 0) ) ) / ( INDEX($AN$5:$AN$77, MATCH(I$100,_xlfn.ANCHORARRAY( $W$5), 0)) * INDEX($AN$5:$AN$77, MATCH($A112,_xlfn.ANCHORARRAY( $W$5), 0)) )} -> 0.79660835 | ... BV112: {=MMULT( MMULT( INDEX($X$5:$AM$77, MATCH(BV$100,_xlfn.ANCHORARRAY( $W$5), 0), 0), $F$5:$U$20 ), TRANSPOSE( INDEX($X$5:$AM$77, MATCH($A112,_xlfn.ANCHORARRAY( $W$5), 0), 0) ) ) / ( INDEX($AN$5:$AN$77, MATCH(BV$100,_xlfn.ANCHORARRAY( $W$5), 0)) * INDEX($AN$5:$AN$77, MATCH($A112,_xlfn.ANCHORARRAY( $W$5), 0)) )} -> 0.9633578
A113: Jackson, Luke | B113: {=MMULT( MMULT( INDEX($X$5:$AM$77, MATCH(B$100,_xlfn.ANCHORARRAY( $W$5), 0), 0), $F$5:$U$20 ), TRANSPOSE( INDEX($X$5:$AM$77, MATCH($A113,_xlfn.ANCHORARRAY( $W$5), 0), 0) ) ) / ( INDEX($AN$5:$AN$77, MATCH(B$100,_xlfn.ANCHORARRAY( $W$5), 0)) * INDEX($AN$5:$AN$77, MATCH($A113,_xlfn.ANCHORARRAY( $W$5), 0)) )} -> 0.78888748 | C113: {=MMULT( MMULT( INDEX($X$5:$AM$77, MATCH(C$100,_xlfn.ANCHORARRAY( $W$5), 0), 0), $F$5:$U$20 ), TRANSPOSE( INDEX($X$5:$AM$77, MATCH($A113,_xlfn.ANCHORARRAY( $W$5), 0), 0) ) ) / ( INDEX($AN$5:$AN$77, MATCH(C$100,_xlfn.ANCHORARRAY( $W$5), 0)) * INDEX($AN$5:$AN$77, MATCH($A113,_xlfn.ANCHORARRAY( $W$5), 0)) )} -> 0.54872636 | D113: {=MMULT( MMULT( INDEX($X$5:$AM$77, MATCH(D$100,_xlfn.ANCHORARRAY( $W$5), 0), 0), $F$5:$U$20 ), TRANSPOSE( INDEX($X$5:$AM$77, MATCH($A113,_xlfn.ANCHORARRAY( $W$5), 0), 0) ) ) / ( INDEX($AN$5:$AN$77, MATCH(D$100,_xlfn.ANCHORARRAY( $W$5), 0)) * INDEX($AN$5:$AN$77, MATCH($A113,_xlfn.ANCHORARRAY( $W$5), 0)) )} -> 0.88771271 | E113: {=MMULT( MMULT( INDEX($X$5:$AM$77, MATCH(E$100,_xlfn.ANCHORARRAY( $W$5), 0), 0), $F$5:$U$20 ), TRANSPOSE( INDEX($X$5:$AM$77, MATCH($A113,_xlfn.ANCHORARRAY( $W$5), 0), 0) ) ) / ( INDEX($AN$5:$AN$77, MATCH(E$100,_xlfn.ANCHORARRAY( $W$5), 0)) * INDEX($AN$5:$AN$77, MATCH($A113,_xlfn.ANCHORARRAY( $W$5), 0)) )} -> 0.81465703 | F113: {=MMULT( MMULT( INDEX($X$5:$AM$77, MATCH(F$100,_xlfn.ANCHORARRAY( $W$5), 0), 0), $F$5:$U$20 ), TRANSPOSE( INDEX($X$5:$AM$77, MATCH($A113,_xlfn.ANCHORARRAY( $W$5), 0), 0) ) ) / ( INDEX($AN$5:$AN$77, MATCH(F$100,_xlfn.ANCHORARRAY( $W$5), 0)) * INDEX($AN$5:$AN$77, MATCH($A113,_xlfn.ANCHORARRAY( $W$5), 0)) )} -> 0.94737969 | G113: {=MMULT( MMULT( INDEX($X$5:$AM$77, MATCH(G$100,_xlfn.ANCHORARRAY( $W$5), 0), 0), $F$5:$U$20 ), TRANSPOSE( INDEX($X$5:$AM$77, MATCH($A113,_xlfn.ANCHORARRAY( $W$5), 0), 0) ) ) / ( INDEX($AN$5:$AN$77, MATCH(G$100,_xlfn.ANCHORARRAY( $W$5), 0)) * INDEX($AN$5:$AN$77, MATCH($A113,_xlfn.ANCHORARRAY( $W$5), 0)) )} -> 0.51932179 | H113: {=MMULT( MMULT( INDEX($X$5:$AM$77, MATCH(H$100,_xlfn.ANCHORARRAY( $W$5), 0), 0), $F$5:$U$20 ), TRANSPOSE( INDEX($X$5:$AM$77, MATCH($A113,_xlfn.ANCHORARRAY( $W$5), 0), 0) ) ) / ( INDEX($AN$5:$AN$77, MATCH(H$100,_xlfn.ANCHORARRAY( $W$5), 0)) * INDEX($AN$5:$AN$77, MATCH($A113,_xlfn.ANCHORARRAY( $W$5), 0)) )} -> 0.52339202 | I113: {=MMULT( MMULT( INDEX($X$5:$AM$77, MATCH(I$100,_xlfn.ANCHORARRAY( $W$5), 0), 0), $F$5:$U$20 ), TRANSPOSE( INDEX($X$5:$AM$77, MATCH($A113,_xlfn.ANCHORARRAY( $W$5), 0), 0) ) ) / ( INDEX($AN$5:$AN$77, MATCH(I$100,_xlfn.ANCHORARRAY( $W$5), 0)) * INDEX($AN$5:$AN$77, MATCH($A113,_xlfn.ANCHORARRAY( $W$5), 0)) )} -> 0.63730252 | ... BV113: {=MMULT( MMULT( INDEX($X$5:$AM$77, MATCH(BV$100,_xlfn.ANCHORARRAY( $W$5), 0), 0), $F$5:$U$20 ), TRANSPOSE( INDEX($X$5:$AM$77, MATCH($A113,_xlfn.ANCHORARRAY( $W$5), 0), 0) ) ) / ( INDEX($AN$5:$AN$77, MATCH(BV$100,_xlfn.ANCHORARRAY( $W$5), 0)) * INDEX($AN$5:$AN$77, MATCH($A113,_xlfn.ANCHORARRAY( $W$5), 0)) )} -> 0.57353968
... A173: Milone, Tommy | B173: {=MMULT( MMULT( INDEX($X$5:$AM$77, MATCH(B$100,_xlfn.ANCHORARRAY( $W$5), 0), 0), $F$5:$U$20 ), TRANSPOSE( INDEX($X$5:$AM$77, MATCH($A173,_xlfn.ANCHORARRAY( $W$5), 0), 0) ) ) / ( INDEX($AN$5:$AN$77, MATCH(B$100,_xlfn.ANCHORARRAY( $W$5), 0)) * INDEX($AN$5:$AN$77, MATCH($A173,_xlfn.ANCHORARRAY( $W$5), 0)) )} -> 0.79284041 | C173: {=MMULT( MMULT( INDEX($X$5:$AM$77, MATCH(C$100,_xlfn.ANCHORARRAY( $W$5), 0), 0), $F$5:$U$20 ), TRANSPOSE( INDEX($X$5:$AM$77, MATCH($A173,_xlfn.ANCHORARRAY( $W$5), 0), 0) ) ) / ( INDEX($AN$5:$AN$77, MATCH(C$100,_xlfn.ANCHORARRAY( $W$5), 0)) * INDEX($AN$5:$AN$77, MATCH($A173,_xlfn.ANCHORARRAY( $W$5), 0)) )} -> 0.66442798 | D173: {=MMULT( MMULT( INDEX($X$5:$AM$77, MATCH(D$100,_xlfn.ANCHORARRAY( $W$5), 0), 0), $F$5:$U$20 ), TRANSPOSE( INDEX($X$5:$AM$77, MATCH($A173,_xlfn.ANCHORARRAY( $W$5), 0), 0) ) ) / ( INDEX($AN$5:$AN$77, MATCH(D$100,_xlfn.ANCHORARRAY( $W$5), 0)) * INDEX($AN$5:$AN$77, MATCH($A173,_xlfn.ANCHORARRAY( $W$5), 0)) )} -> 0.78846273 | E173: {=MMULT( MMULT( INDEX($X$5:$AM$77, MATCH(E$100,_xlfn.ANCHORARRAY( $W$5), 0), 0), $F$5:$U$20 ), TRANSPOSE( INDEX($X$5:$AM$77, MATCH($A173,_xlfn.ANCHORARRAY( $W$5), 0), 0) ) ) / ( INDEX($AN$5:$AN$77, MATCH(E$100,_xlfn.ANCHORARRAY( $W$5), 0)) * INDEX($AN$5:$AN$77, MATCH($A173,_xlfn.ANCHORARRAY( $W$5), 0)) )} -> 0.72392619 | F173: {=MMULT( MMULT( INDEX($X$5:$AM$77, MATCH(F$100,_xlfn.ANCHORARRAY( $W$5), 0), 0), $F$5:$U$20 ), TRANSPOSE( INDEX($X$5:$AM$77, MATCH($A173,_xlfn.ANCHORARRAY( $W$5), 0), 0) ) ) / ( INDEX($AN$5:$AN$77, MATCH(F$100,_xlfn.ANCHORARRAY( $W$5), 0)) * INDEX($AN$5:$AN$77, MATCH($A173,_xlfn.ANCHORARRAY( $W$5), 0)) )} -> 0.75728094 | G173: {=MMULT( MMULT( INDEX($X$5:$AM$77, MATCH(G$100,_xlfn.ANCHORARRAY( $W$5), 0), 0), $F$5:$U$20 ), TRANSPOSE( INDEX($X$5:$AM$77, MATCH($A173,_xlfn.ANCHORARRAY( $W$5), 0), 0) ) ) / ( INDEX($AN$5:$AN$77, MATCH(G$100,_xlfn.ANCHORARRAY( $W$5), 0)) * INDEX($AN$5:$AN$77, MATCH($A173,_xlfn.ANCHORARRAY( $W$5), 0)) )} -> 0.94100913 | H173: {=MMULT( MMULT( INDEX($X$5:$AM$77, MATCH(H$100,_xlfn.ANCHORARRAY( $W$5), 0), 0), $F$5:$U$20 ), TRANSPOSE( INDEX($X$5:$AM$77, MATCH($A173,_xlfn.ANCHORARRAY( $W$5), 0), 0) ) ) / ( INDEX($AN$5:$AN$77, MATCH(H$100,_xlfn.ANCHORARRAY( $W$5), 0)) * INDEX($AN$5:$AN$77, MATCH($A173,_xlfn.ANCHORARRAY( $W$5), 0)) )} -> 0.80994617 | I173: {=MMULT( MMULT( INDEX($X$5:$AM$77, MATCH(I$100,_xlfn.ANCHORARRAY( $W$5), 0), 0), $F$5:$U$20 ), TRANSPOSE( INDEX($X$5:$AM$77, MATCH($A173,_xlfn.ANCHORARRAY( $W$5), 0), 0) ) ) / ( INDEX($AN$5:$AN$77, MATCH(I$100,_xlfn.ANCHORARRAY( $W$5), 0)) * INDEX($AN$5:$AN$77, MATCH($A173,_xlfn.ANCHORARRAY( $W$5), 0)) )} -> 0.72805685 | ... BV173: {=MMULT( MMULT( INDEX($X$5:$AM$77, MATCH(BV$100,_xlfn.ANCHORARRAY( $W$5), 0), 0), $F$5:$U$20 ), TRANSPOSE( INDEX($X$5:$AM$77, MATCH($A173,_xlfn.ANCHORARRAY( $W$5), 0), 0) ) ) / ( INDEX($AN$5:$AN$77, MATCH(BV$100,_xlfn.ANCHORARRAY( $W$5), 0)) * INDEX($AN$5:$AN$77, MATCH($A173,_xlfn.ANCHORARRAY( $W$5), 0)) )} -> 1

Sheet Arm Slot Profile
A1: Release Profile
B2: Height | C2: Side | D2: Extension | E2: ArmSlotX | F2: ArmSlotY | G2: Norm | J2: {=TRANSPOSE(_xlfn.UNIQUE(braves_19_25__2[player_name]))} -> Fried, Max | K2: Morton, Charlie | L2: Strider, Spencer | M2: Elder, Bryce | N2: Sale, Chris | O2: Anderson, Ian | P2: Minter, A.J. | Q2: Wright, Kyle | R2: Schwellenbach, Spencer | S2: Soroka, Michael | T2: Chavez, Jesse | U2: Iglesias, Raisel | V2: Jackson, Luke | W2: Lee, Dylan | X2: Holmes, Grant | Y2: Tomlin, Josh | Z2: Matzek, Tyler | AA2: Newcomb, Sean | AB2: Johnson, Pierce | AC2: López, Reynaldo | AD2: Smyly, Drew | AE2: McHugh, Collin | AF2: Ynoa, Huascar | AG2: Toussaint, Touki | AH2: Jiménez, Joe | AI2: Smith, Will | AJ2: Foltynewicz, Mike | AK2: Bummer, Aaron | AL2: Tonkin, Michael | AM2: Smith-Shawver, AJ | AN2: Stephens, Jackson | AO2: Martin, Chris | AP2: Yates, Kirby | AQ2: Wilson, Bryse | AR2: Wentz, Joey | AS2: Dodd, Dylan | AT2: Hernández, Daysbel | AU2: Greene, Shane | AV2: Webb, Jacob | AW2: Jansen, Kenley | AX2: Waldrep, Hurston | AY2: Dayton, Grant | AZ2: Muller, Kyle | BA2: Shuster, Jared | BB2: Odorizzi, Jake | BC2: De Los Santos, Enyel | BD2: O'Day, Darren | BE2: Winans, Allan | BF2: Melancon, Mark | BG2: Montero, Rafael | BH2: Sobotka, Chad | BI2: Davidson, Tucker | BJ2: Santana, Edgar | BK2: Vines, Darius | BL2: Anderson, Nick | BM2: Fedde, Erick | BN2: Biddle, Jesse | BO2: Cox, Austin | BP2: Erlin, Robbie | BQ2: Chirinos, Yonny | BR2: Rodríguez, Richard | BS2: Kerr, Ray | BT2: Kinley, Tyler | BU2: Hand, Brad | BV2: Heller, Ben | BW2: Suarez, José | BX2: Fuentes, Didier | BY2: Luetge, Lucas | BZ2: Carrasco, Carlos | CA2: Blewett, Scott | CB2: Stratton, Hunter | CC2: Thornburg, Tyler | CD2: Milone, Tommy
A3: {=_xlfn.UNIQUE(braves_19_25__2[player_name])} -> Fried, Max | B3: =_xlfn.XLOOKUP($A3,braves_19_25__2[player_name], braves_19_25__2[release_pos_z]) -> 6.06 | C3: =_xlfn.XLOOKUP($A3,braves_19_25__2[player_name], braves_19_25__2[release_pos_x])*2.5 -> 3.1 | D3: =_xlfn.XLOOKUP($A3,braves_19_25__2[player_name], braves_19_25__2[release_extension]) -> 6.37 | E3: =COS(RADIANS(AVERAGE(_xlfn.XLOOKUP($A3,braves_19_25__2[player_name],braves_19_25__2[arm_angle]))))*4 -> 2.4183965 | F3: =SIN(RADIANS(AVERAGE(_xlfn.XLOOKUP($A3,braves_19_25__2[player_name],braves_19_25__2[arm_angle]))))*4 -> 3.1861197 | G3: =SQRT(SUMSQ(B3:F3)) -> 10.144481 | I3: {=_xlfn.UNIQUE(braves_19_25__2[player_name])} -> Fried, Max | J3: =( INDEX($B$3:$B$75, MATCH(J$2,_xlfn.ANCHORARRAY( $A$3), 0)) * INDEX($B$3:$B$75, MATCH($I3,_xlfn.ANCHORARRAY( $A$3), 0)) + ( INDEX($C$3:$C$75, MATCH(J$2,_xlfn.ANCHORARRAY( $A$3), 0)) * INDEX($C$3:$C$75, MATCH($I3,_xlfn.ANCHORARRAY( $A$3), 0)) ) * IF( SIGN(INDEX($C$3:$C$75, MATCH(J$2,_xlfn.ANCHORARRAY( $A$3), 0))) = SIGN(INDEX($C$3:$C$75, MATCH($I3,_xlfn.ANCHORARRAY( $A$3), 0))), 1, 0.1 ) + INDEX($D$3:$D$75, MATCH(J$2,_xlfn.ANCHORARRAY( $A$3), 0)) * INDEX($D$3:$D$75, MATCH($I3,_xlfn.ANCHORARRAY( $A$3), 0)) + INDEX($E$3:$E$75,MATCH(J$2,_xlfn.ANCHORARRAY($A$3),0)) * INDEX($E$3:$E$75,MATCH($I3,_xlfn.ANCHORARRAY($A$3),0)) + INDEX($F$3:$F$75,MATCH(J$2,_xlfn.ANCHORARRAY($A$3),0)) * INDEX($F$3:$F$75,MATCH($I3,_xlfn.ANCHORARRAY($A$3),0))) / ( SQRT( INDEX($B$3:$B$75, MATCH(J$2,_xlfn.ANCHORARRAY( $A$3), 0))^2 + INDEX($C$3:$C$75, MATCH(J$2,_xlfn.ANCHORARRAY( $A$3), 0))^2 + INDEX($D$3:$D$75, MATCH(J$2,_xlfn.ANCHORARRAY( $A$3), 0))^2 + INDEX($E$3:$E$75,MATCH(J$2,_xlfn.ANCHORARRAY($A$3),0))^2 + INDEX($F$3:$F$75,MATCH(J$2,_xlfn.ANCHORARRAY($A$3),0))^2 ) * SQRT( INDEX($B$3:$B$75, MATCH($I3,_xlfn.ANCHORARRAY( $A$3), 0))^2 + INDEX($C$3:$C$75, MATCH($I3,_xlfn.ANCHORARRAY( $A$3), 0))^2 + INDEX($D$3:$D$75, MATCH($I3,_xlfn.ANCHORARRAY( $A$3), 0))^2 + INDEX($E$3:$E$75,MATCH($I3,_xlfn.ANCHORARRAY($A$3),0))^2 + INDEX($F$3:$F$75,MATCH($I3,_xlfn.ANCHORARRAY($A$3),0))^2 ) ) -> 1 | K3: =( INDEX($B$3:$B$75, MATCH(K$2,_xlfn.ANCHORARRAY( $A$3), 0)) * INDEX($B$3:$B$75, MATCH($I3,_xlfn.ANCHORARRAY( $A$3), 0)) + ( INDEX($C$3:$C$75, MATCH(K$2,_xlfn.ANCHORARRAY( $A$3), 0)) * INDEX($C$3:$C$75, MATCH($I3,_xlfn.ANCHORARRAY( $A$3), 0)) ) * IF( SIGN(INDEX($C$3:$C$75, MATCH(K$2,_xlfn.ANCHORARRAY( $A$3), 0))) = SIGN(INDEX($C$3:$C$75, MATCH($I3,_xlfn.ANCHORARRAY( $A$3), 0))), 1, 0.1 ) + INDEX($D$3:$D$75, MATCH(K$2,_xlfn.ANCHORARRAY( $A$3), 0)) * INDEX($D$3:$D$75, MATCH($I3,_xlfn.ANCHORARRAY( $A$3), 0)) + INDEX($E$3:$E$75,MATCH(K$2,_xlfn.ANCHORARRAY($A$3),0)) * INDEX($E$3:$E$75,MATCH($I3,_xlfn.ANCHORARRAY($A$3),0)) + INDEX($F$3:$F$75,MATCH(K$2,_xlfn.ANCHORARRAY($A$3),0)) * INDEX($F$3:$F$75,MATCH($I3,_xlfn.ANCHORARRAY($A$3),0))) / ( SQRT( INDEX($B$3:$B$75, MATCH(K$2,_xlfn.ANCHORARRAY( $A$3), 0))^2 + INDEX($C$3:$C$75, MATCH(K$2,_xlfn.ANCHORARRAY( $A$3), 0))^2 + INDEX($D$3:$D$75, MATCH(K$2,_xlfn.ANCHORARRAY( $A$3), 0))^2 + INDEX($E$3:$E$75,MATCH(K$2,_xlfn.ANCHORARRAY($A$3),0))^2 + INDEX($F$3:$F$75,MATCH(K$2,_xlfn.ANCHORARRAY($A$3),0))^2 ) * SQRT( INDEX($B$3:$B$75, MATCH($I3,_xlfn.ANCHORARRAY( $A$3), 0))^2 + INDEX($C$3:$C$75, MATCH($I3,_xlfn.ANCHORARRAY( $A$3), 0))^2 + INDEX($D$3:$D$75, MATCH($I3,_xlfn.ANCHORARRAY( $A$3), 0))^2 + INDEX($E$3:$E$75,MATCH($I3,_xlfn.ANCHORARRAY($A$3),0))^2 + INDEX($F$3:$F$75,MATCH($I3,_xlfn.ANCHORARRAY($A$3),0))^2 ) ) -> 0.77357056 | L3: =( INDEX($B$3:$B$75, MATCH(L$2,_xlfn.ANCHORARRAY( $A$3), 0)) * INDEX($B$3:$B$75, MATCH($I3,_xlfn.ANCHORARRAY( $A$3), 0)) + ( INDEX($C$3:$C$75, MATCH(L$2,_xlfn.ANCHORARRAY( $A$3), 0)) * INDEX($C$3:$C$75, MATCH($I3,_xlfn.ANCHORARRAY( $A$3), 0)) ) * IF( SIGN(INDEX($C$3:$C$75, MATCH(L$2,_xlfn.ANCHORARRAY( $A$3), 0))) = SIGN(INDEX($C$3:$C$75, MATCH($I3,_xlfn.ANCHORARRAY( $A$3), 0))), 1, 0.1 ) + INDEX($D$3:$D$75, MATCH(L$2,_xlfn.ANCHORARRAY( $A$3), 0)) * INDEX($D$3:$D$75, MATCH($I3,_xlfn.ANCHORARRAY( $A$3), 0)) + INDEX($E$3:$E$75,MATCH(L$2,_xlfn.ANCHORARRAY($A$3),0)) * INDEX($E$3:$E$75,MATCH($I3,_xlfn.ANCHORARRAY($A$3),0)) + INDEX($F$3:$F$75,MATCH(L$2,_xlfn.ANCHORARRAY($A$3),0)) * INDEX($F$3:$F$75,MATCH($I3,_xlfn.ANCHORARRAY($A$3),0))) / ( SQRT( INDEX($B$3:$B$75, MATCH(L$2,_xlfn.ANCHORARRAY( $A$3), 0))^2 + INDEX($C$3:$C$75, MATCH(L$2,_xlfn.ANCHORARRAY( $A$3), 0))^2 + INDEX($D$3:$D$75, MATCH(L$2,_xlfn.ANCHORARRAY( $A$3), 0))^2 + INDEX($E$3:$E$75,MATCH(L$2,_xlfn.ANCHORARRAY($A$3),0))^2 + INDEX($F$3:$F$75,MATCH(L$2,_xlfn.ANCHORARRAY($A$3),0))^2 ) * SQRT( INDEX($B$3:$B$75, MATCH($I3,_xlfn.ANCHORARRAY( $A$3), 0))^2 + INDEX($C$3:$C$75, MATCH($I3,_xlfn.ANCHORARRAY( $A$3), 0))^2 + INDEX($D$3:$D$75, MATCH($I3,_xlfn.ANCHORARRAY( $A$3), 0))^2 + INDEX($E$3:$E$75,MATCH($I3,_xlfn.ANCHORARRAY($A$3),0))^2 + INDEX($F$3:$F$75,MATCH($I3,_xlfn.ANCHORARRAY($A$3),0))^2 ) ) -> 0.80837281 | M3: =( INDEX($B$3:$B$75, MATCH(M$2,_xlfn.ANCHORARRAY( $A$3), 0)) * INDEX($B$3:$B$75, MATCH($I3,_xlfn.ANCHORARRAY( $A$3), 0)) + ( INDEX($C$3:$C$75, MATCH(M$2,_xlfn.ANCHORARRAY( $A$3), 0)) * INDEX($C$3:$C$75, MATCH($I3,_xlfn.ANCHORARRAY( $A$3), 0)) ) * IF( SIGN(INDEX($C$3:$C$75, MATCH(M$2,_xlfn.ANCHORARRAY( $A$3), 0))) = SIGN(INDEX($C$3:$C$75, MATCH($I3,_xlfn.ANCHORARRAY( $A$3), 0))), 1, 0.1 ) + INDEX($D$3:$D$75, MATCH(M$2,_xlfn.ANCHORARRAY( $A$3), 0)) * INDEX($D$3:$D$75, MATCH($I3,_xlfn.ANCHORARRAY( $A$3), 0)) + INDEX($E$3:$E$75,MATCH(M$2,_xlfn.ANCHORARRAY($A$3),0)) * INDEX($E$3:$E$75,MATCH($I3,_xlfn.ANCHORARRAY($A$3),0)) + INDEX($F$3:$F$75,MATCH(M$2,_xlfn.ANCHORARRAY($A$3),0)) * INDEX($F$3:$F$75,MATCH($I3,_xlfn.ANCHORARRAY($A$3),0))) / ( SQRT( INDEX($B$3:$B$75, MATCH(M$2,_xlfn.ANCHORARRAY( $A$3), 0))^2 + INDEX($C$3:$C$75, MATCH(M$2,_xlfn.ANCHORARRAY( $A$3), 0))^2 + INDEX($D$3:$D$75, MATCH(M$2,_xlfn.ANCHORARRAY( $A$3), 0))^2 + INDEX($E$3:$E$75,MATCH(M$2,_xlfn.ANCHORARRAY($A$3),0))^2 + INDEX($F$3:$F$75,MATCH(M$2,_xlfn.ANCHORARRAY($A$3),0))^2 ) * SQRT( INDEX($B$3:$B$75, MATCH($I3,_xlfn.ANCHORARRAY( $A$3), 0))^2 + INDEX($C$3:$C$75, MATCH($I3,_xlfn.ANCHORARRAY( $A$3), 0))^2 + INDEX($D$3:$D$75, MATCH($I3,_xlfn.ANCHORARRAY( $A$3), 0))^2 + INDEX($E$3:$E$75,MATCH($I3,_xlfn.ANCHORARRAY($A$3),0))^2 + INDEX($F$3:$F$75,MATCH($I3,_xlfn.ANCHORARRAY($A$3),0))^2 ) ) -> 0.90217665 | N3: =( INDEX($B$3:$B$75, MATCH(N$2,_xlfn.ANCHORARRAY( $A$3), 0)) * INDEX($B$3:$B$75, MATCH($I3,_xlfn.ANCHORARRAY( $A$3), 0)) + ( INDEX($C$3:$C$75, MATCH(N$2,_xlfn.ANCHORARRAY( $A$3), 0)) * INDEX($C$3:$C$75, MATCH($I3,_xlfn.ANCHORARRAY( $A$3), 0)) ) * IF( SIGN(INDEX($C$3:$C$75, MATCH(N$2,_xlfn.ANCHORARRAY( $A$3), 0))) = SIGN(INDEX($C$3:$C$75, MATCH($I3,_xlfn.ANCHORARRAY( $A$3), 0))), 1, 0.1 ) + INDEX($D$3:$D$75, MATCH(N$2,_xlfn.ANCHORARRAY( $A$3), 0)) * INDEX($D$3:$D$75, MATCH($I3,_xlfn.ANCHORARRAY( $A$3), 0)) + INDEX($E$3:$E$75,MATCH(N$2,_xlfn.ANCHORARRAY($A$3),0)) * INDEX($E$3:$E$75,MATCH($I3,_xlfn.ANCHORARRAY($A$3),0)) + INDEX($F$3:$F$75,MATCH(N$2,_xlfn.ANCHORARRAY($A$3),0)) * INDEX($F$3:$F$75,MATCH($I3,_xlfn.ANCHORARRAY($A$3),0))) / ( SQRT( INDEX($B$3:$B$75, MATCH(N$2,_xlfn.ANCHORARRAY( $A$3), 0))^2 + INDEX($C$3:$C$75, MATCH(N$2,_xlfn.ANCHORARRAY( $A$3), 0))^2 + INDEX($D$3:$D$75, MATCH(N$2,_xlfn.ANCHORARRAY( $A$3), 0))^2 + INDEX($E$3:$E$75,MATCH(N$2,_xlfn.ANCHORARRAY($A$3),0))^2 + INDEX($F$3:$F$75,MATCH(N$2,_xlfn.ANCHORARRAY($A$3),0))^2 ) * SQRT( INDEX($B$3:$B$75, MATCH($I3,_xlfn.ANCHORARRAY( $A$3), 0))^2 + INDEX($C$3:$C$75, MATCH($I3,_xlfn.ANCHORARRAY( $A$3), 0))^2 + INDEX($D$3:$D$75, MATCH($I3,_xlfn.ANCHORARRAY( $A$3), 0))^2 + INDEX($E$3:$E$75,MATCH($I3,_xlfn.ANCHORARRAY($A$3),0))^2 + INDEX($F$3:$F$75,MATCH($I3,_xlfn.ANCHORARRAY($A$3),0))^2 ) ) -> 0.88171218 | O3: =( INDEX($B$3:$B$75, MATCH(O$2,_xlfn.ANCHORARRAY( $A$3), 0)) * INDEX($B$3:$B$75, MATCH($I3,_xlfn.ANCHORARRAY( $A$3), 0)) + ( INDEX($C$3:$C$75, MATCH(O$2,_xlfn.ANCHORARRAY( $A$3), 0)) * INDEX($C$3:$C$75, MATCH($I3,_xlfn.ANCHORARRAY( $A$3), 0)) ) * IF( SIGN(INDEX($C$3:$C$75, MATCH(O$2,_xlfn.ANCHORARRAY( $A$3), 0))) = SIGN(INDEX($C$3:$C$75, MATCH($I3,_xlfn.ANCHORARRAY( $A$3), 0))), 1, 0.1 ) + INDEX($D$3:$D$75, MATCH(O$2,_xlfn.ANCHORARRAY( $A$3), 0)) * INDEX($D$3:$D$75, MATCH($I3,_xlfn.ANCHORARRAY( $A$3), 0)) + INDEX($E$3:$E$75,MATCH(O$2,_xlfn.ANCHORARRAY($A$3),0)) * INDEX($E$3:$E$75,MATCH($I3,_xlfn.ANCHORARRAY($A$3),0)) + INDEX($F$3:$F$75,MATCH(O$2,_xlfn.ANCHORARRAY($A$3),0)) * INDEX($F$3:$F$75,MATCH($I3,_xlfn.ANCHORARRAY($A$3),0))) / ( SQRT( INDEX($B$3:$B$75, MATCH(O$2,_xlfn.ANCHORARRAY( $A$3), 0))^2 + INDEX($C$3:$C$75, MATCH(O$2,_xlfn.ANCHORARRAY( $A$3), 0))^2 + INDEX($D$3:$D$75, MATCH(O$2,_xlfn.ANCHORARRAY( $A$3), 0))^2 + INDEX($E$3:$E$75,MATCH(O$2,_xlfn.ANCHORARRAY($A$3),0))^2 + INDEX($F$3:$F$75,MATCH(O$2,_xlfn.ANCHORARRAY($A$3),0))^2 ) * SQRT( INDEX($B$3:$B$75, MATCH($I3,_xlfn.ANCHORARRAY( $A$3), 0))^2 + INDEX($C$3:$C$75, MATCH($I3,_xlfn.ANCHORARRAY( $A$3), 0))^2 + INDEX($D$3:$D$75, MATCH($I3,_xlfn.ANCHORARRAY( $A$3), 0))^2 + INDEX($E$3:$E$75,MATCH($I3,_xlfn.ANCHORARRAY($A$3),0))^2 + INDEX($F$3:$F$75,MATCH($I3,_xlfn.ANCHORARRAY($A$3),0))^2 ) ) -> 0.87293182 | P3: =( INDEX($B$3:$B$75, MATCH(P$2,_xlfn.ANCHORARRAY( $A$3), 0)) * INDEX($B$3:$B$75, MATCH($I3,_xlfn.ANCHORARRAY( $A$3), 0)) + ( INDEX($C$3:$C$75, MATCH(P$2,_xlfn.ANCHORARRAY( $A$3), 0)) * INDEX($C$3:$C$75, MATCH($I3,_xlfn.ANCHORARRAY( $A$3), 0)) ) * IF( SIGN(INDEX($C$3:$C$75, MATCH(P$2,_xlfn.ANCHORARRAY( $A$3), 0))) = SIGN(INDEX($C$3:$C$75, MATCH($I3,_xlfn.ANCHORARRAY( $A$3), 0))), 1, 0.1 ) + INDEX($D$3:$D$75, MATCH(P$2,_xlfn.ANCHORARRAY( $A$3), 0)) * INDEX($D$3:$D$75, MATCH($I3,_xlfn.ANCHORARRAY( $A$3), 0)) + INDEX($E$3:$E$75,MATCH(P$2,_xlfn.ANCHORARRAY($A$3),0)) * INDEX($E$3:$E$75,MATCH($I3,_xlfn.ANCHORARRAY($A$3),0)) + INDEX($F$3:$F$75,MATCH(P$2,_xlfn.ANCHORARRAY($A$3),0)) * INDEX($F$3:$F$75,MATCH($I3,_xlfn.ANCHORARRAY($A$3),0))) / ( SQRT( INDEX($B$3:$B$75, MATCH(P$2,_xlfn.ANCHORARRAY( $A$3), 0))^2 + INDEX($C$3:$C$75, MATCH(P$2,_xlfn.ANCHORARRAY( $A$3), 0))^2 + INDEX($D$3:$D$75, MATCH(P$2,_xlfn.ANCHORARRAY( $A$3), 0))^2 + INDEX($E$3:$E$75,MATCH(P$2,_xlfn.ANCHORARRAY($A$3),0))^2 + INDEX($F$3:$F$75,MATCH(P$2,_xlfn.ANCHORARRAY($A$3),0))^2 ) * SQRT( INDEX($B$3:$B$75, MATCH($I3,_xlfn.ANCHORARRAY( $A$3), 0))^2 + INDEX($C$3:$C$75, MATCH($I3,_xlfn.ANCHORARRAY( $A$3), 0))^2 + INDEX($D$3:$D$75, MATCH($I3,_xlfn.ANCHORARRAY( $A$3), 0))^2 + INDEX($E$3:$E$75,MATCH($I3,_xlfn.ANCHORARRAY($A$3),0))^2 + INDEX($F$3:$F$75,MATCH($I3,_xlfn.ANCHORARRAY($A$3),0))^2 ) ) -> 0.97169396 | Q3: =( INDEX($B$3:$B$75, MATCH(Q$2,_xlfn.ANCHORARRAY( $A$3), 0)) * INDEX($B$3:$B$75, MATCH($I3,_xlfn.ANCHORARRAY( $A$3), 0)) + ( INDEX($C$3:$C$75, MATCH(Q$2,_xlfn.ANCHORARRAY( $A$3), 0)) * INDEX($C$3:$C$75, MATCH($I3,_xlfn.ANCHORARRAY( $A$3), 0)) ) * IF( SIGN(INDEX($C$3:$C$75, MATCH(Q$2,_xlfn.ANCHORARRAY( $A$3), 0))) = SIGN(INDEX($C$3:$C$75, MATCH($I3,_xlfn.ANCHORARRAY( $A$3), 0))), 1, 0.1 ) + INDEX($D$3:$D$75, MATCH(Q$2,_xlfn.ANCHORARRAY( $A$3), 0)) * INDEX($D$3:$D$75, MATCH($I3,_xlfn.ANCHORARRAY( $A$3), 0)) + INDEX($E$3:$E$75,MATCH(Q$2,_xlfn.ANCHORARRAY($A$3),0)) * INDEX($E$3:$E$75,MATCH($I3,_xlfn.ANCHORARRAY($A$3),0)) + INDEX($F$3:$F$75,MATCH(Q$2,_xlfn.ANCHORARRAY($A$3),0)) * INDEX($F$3:$F$75,MATCH($I3,_xlfn.ANCHORARRAY($A$3),0))) / ( SQRT( INDEX($B$3:$B$75, MATCH(Q$2,_xlfn.ANCHORARRAY( $A$3), 0))^2 + INDEX($C$3:$C$75, MATCH(Q$2,_xlfn.ANCHORARRAY( $A$3), 0))^2 + INDEX($D$3:$D$75, MATCH(Q$2,_xlfn.ANCHORARRAY( $A$3), 0))^2 + INDEX($E$3:$E$75,MATCH(Q$2,_xlfn.ANCHORARRAY($A$3),0))^2 + INDEX($F$3:$F$75,MATCH(Q$2,_xlfn.ANCHORARRAY($A$3),0))^2 ) * SQRT( INDEX($B$3:$B$75, MATCH($I3,_xlfn.ANCHORARRAY( $A$3), 0))^2 + INDEX($C$3:$C$75, MATCH($I3,_xlfn.ANCHORARRAY( $A$3), 0))^2 + INDEX($D$3:$D$75, MATCH($I3,_xlfn.ANCHORARRAY( $A$3), 0))^2 + INDEX($E$3:$E$75,MATCH($I3,_xlfn.ANCHORARRAY($A$3),0))^2 + INDEX($F$3:$F$75,MATCH($I3,_xlfn.ANCHORARRAY($A$3),0))^2 ) ) -> 0.82313946 | ... CD3: =( INDEX($B$3:$B$75, MATCH(CD$2,_xlfn.ANCHORARRAY( $A$3), 0)) * INDEX($B$3:$B$75, MATCH($I3,_xlfn.ANCHORARRAY( $A$3), 0)) + ( INDEX($C$3:$C$75, MATCH(CD$2,_xlfn.ANCHORARRAY( $A$3), 0)) * INDEX($C$3:$C$75, MATCH($I3,_xlfn.ANCHORARRAY( $A$3), 0)) ) * IF( SIGN(INDEX($C$3:$C$75, MATCH(CD$2,_xlfn.ANCHORARRAY( $A$3), 0))) = SIGN(INDEX($C$3:$C$75, MATCH($I3,_xlfn.ANCHORARRAY( $A$3), 0))), 1, 0.1 ) + INDEX($D$3:$D$75, MATCH(CD$2,_xlfn.ANCHORARRAY( $A$3), 0)) * INDEX($D$3:$D$75, MATCH($I3,_xlfn.ANCHORARRAY( $A$3), 0)) + INDEX($E$3:$E$75,MATCH(CD$2,_xlfn.ANCHORARRAY($A$3),0)) * INDEX($E$3:$E$75,MATCH($I3,_xlfn.ANCHORARRAY($A$3),0)) + INDEX($F$3:$F$75,MATCH(CD$2,_xlfn.ANCHORARRAY($A$3),0)) * INDEX($F$3:$F$75,MATCH($I3,_xlfn.ANCHORARRAY($A$3),0))) / ( SQRT( INDEX($B$3:$B$75, MATCH(CD$2,_xlfn.ANCHORARRAY( $A$3), 0))^2 + INDEX($C$3:$C$75, MATCH(CD$2,_xlfn.ANCHORARRAY( $A$3), 0))^2 + INDEX($D$3:$D$75, MATCH(CD$2,_xlfn.ANCHORARRAY( $A$3), 0))^2 + INDEX($E$3:$E$75,MATCH(CD$2,_xlfn.ANCHORARRAY($A$3),0))^2 + INDEX($F$3:$F$75,MATCH(CD$2,_xlfn.ANCHORARRAY($A$3),0))^2 ) * SQRT( INDEX($B$3:$B$75, MATCH($I3,_xlfn.ANCHORARRAY( $A$3), 0))^2 + INDEX($C$3:$C$75, MATCH($I3,_xlfn.ANCHORARRAY( $A$3), 0))^2 + INDEX($D$3:$D$75, MATCH($I3,_xlfn.ANCHORARRAY( $A$3), 0))^2 + INDEX($E$3:$E$75,MATCH($I3,_xlfn.ANCHORARRAY($A$3),0))^2 + INDEX($F$3:$F$75,MATCH($I3,_xlfn.ANCHORARRAY($A$3),0))^2 ) ) -> 0.91254634
A4: Morton, Charlie | B4: =_xlfn.XLOOKUP($A4,braves_19_25__2[player_name], braves_19_25__2[release_pos_z]) -> 5.45 | C4: =_xlfn.XLOOKUP($A4,braves_19_25__2[player_name], braves_19_25__2[release_pos_x])*2.5 -> -5.65 | D4: =_xlfn.XLOOKUP($A4,braves_19_25__2[player_name], braves_19_25__2[release_extension]) -> 6.24 | E4: =COS(RADIANS(AVERAGE(_xlfn.XLOOKUP($A4,braves_19_25__2[player_name],braves_19_25__2[arm_angle]))))*4 -> 3.7165303 | F4: =SIN(RADIANS(AVERAGE(_xlfn.XLOOKUP($A4,braves_19_25__2[player_name],braves_19_25__2[arm_angle]))))*4 -> 1.478987 | G4: =SQRT(SUMSQ(B4:F4)) -> 10.796416 | I4: Morton, Charlie | J4: =( INDEX($B$3:$B$75, MATCH(J$2,_xlfn.ANCHORARRAY( $A$3), 0)) * INDEX($B$3:$B$75, MATCH($I4,_xlfn.ANCHORARRAY( $A$3), 0)) + ( INDEX($C$3:$C$75, MATCH(J$2,_xlfn.ANCHORARRAY( $A$3), 0)) * INDEX($C$3:$C$75, MATCH($I4,_xlfn.ANCHORARRAY( $A$3), 0)) ) * IF( SIGN(INDEX($C$3:$C$75, MATCH(J$2,_xlfn.ANCHORARRAY( $A$3), 0))) = SIGN(INDEX($C$3:$C$75, MATCH($I4,_xlfn.ANCHORARRAY( $A$3), 0))), 1, 0.1 ) + INDEX($D$3:$D$75, MATCH(J$2,_xlfn.ANCHORARRAY( $A$3), 0)) * INDEX($D$3:$D$75, MATCH($I4,_xlfn.ANCHORARRAY( $A$3), 0)) + INDEX($E$3:$E$75,MATCH(J$2,_xlfn.ANCHORARRAY($A$3),0)) * INDEX($E$3:$E$75,MATCH($I4,_xlfn.ANCHORARRAY($A$3),0)) + INDEX($F$3:$F$75,MATCH(J$2,_xlfn.ANCHORARRAY($A$3),0)) * INDEX($F$3:$F$75,MATCH($I4,_xlfn.ANCHORARRAY($A$3),0))) / ( SQRT( INDEX($B$3:$B$75, MATCH(J$2,_xlfn.ANCHORARRAY( $A$3), 0))^2 + INDEX($C$3:$C$75, MATCH(J$2,_xlfn.ANCHORARRAY( $A$3), 0))^2 + INDEX($D$3:$D$75, MATCH(J$2,_xlfn.ANCHORARRAY( $A$3), 0))^2 + INDEX($E$3:$E$75,MATCH(J$2,_xlfn.ANCHORARRAY($A$3),0))^2 + INDEX($F$3:$F$75,MATCH(J$2,_xlfn.ANCHORARRAY($A$3),0))^2 ) * SQRT( INDEX($B$3:$B$75, MATCH($I4,_xlfn.ANCHORARRAY( $A$3), 0))^2 + INDEX($C$3:$C$75, MATCH($I4,_xlfn.ANCHORARRAY( $A$3), 0))^2 + INDEX($D$3:$D$75, MATCH($I4,_xlfn.ANCHORARRAY( $A$3), 0))^2 + INDEX($E$3:$E$75,MATCH($I4,_xlfn.ANCHORARRAY($A$3),0))^2 + INDEX($F$3:$F$75,MATCH($I4,_xlfn.ANCHORARRAY($A$3),0))^2 ) ) -> 0.77357056 | K4: =( INDEX($B$3:$B$75, MATCH(K$2,_xlfn.ANCHORARRAY( $A$3), 0)) * INDEX($B$3:$B$75, MATCH($I4,_xlfn.ANCHORARRAY( $A$3), 0)) + ( INDEX($C$3:$C$75, MATCH(K$2,_xlfn.ANCHORARRAY( $A$3), 0)) * INDEX($C$3:$C$75, MATCH($I4,_xlfn.ANCHORARRAY( $A$3), 0)) ) * IF( SIGN(INDEX($C$3:$C$75, MATCH(K$2,_xlfn.ANCHORARRAY( $A$3), 0))) = SIGN(INDEX($C$3:$C$75, MATCH($I4,_xlfn.ANCHORARRAY( $A$3), 0))), 1, 0.1 ) + INDEX($D$3:$D$75, MATCH(K$2,_xlfn.ANCHORARRAY( $A$3), 0)) * INDEX($D$3:$D$75, MATCH($I4,_xlfn.ANCHORARRAY( $A$3), 0)) + INDEX($E$3:$E$75,MATCH(K$2,_xlfn.ANCHORARRAY($A$3),0)) * INDEX($E$3:$E$75,MATCH($I4,_xlfn.ANCHORARRAY($A$3),0)) + INDEX($F$3:$F$75,MATCH(K$2,_xlfn.ANCHORARRAY($A$3),0)) * INDEX($F$3:$F$75,MATCH($I4,_xlfn.ANCHORARRAY($A$3),0))) / ( SQRT( INDEX($B$3:$B$75, MATCH(K$2,_xlfn.ANCHORARRAY( $A$3), 0))^2 + INDEX($C$3:$C$75, MATCH(K$2,_xlfn.ANCHORARRAY( $A$3), 0))^2 + INDEX($D$3:$D$75, MATCH(K$2,_xlfn.ANCHORARRAY( $A$3), 0))^2 + INDEX($E$3:$E$75,MATCH(K$2,_xlfn.ANCHORARRAY($A$3),0))^2 + INDEX($F$3:$F$75,MATCH(K$2,_xlfn.ANCHORARRAY($A$3),0))^2 ) * SQRT( INDEX($B$3:$B$75, MATCH($I4,_xlfn.ANCHORARRAY( $A$3), 0))^2 + INDEX($C$3:$C$75, MATCH($I4,_xlfn.ANCHORARRAY( $A$3), 0))^2 + INDEX($D$3:$D$75, MATCH($I4,_xlfn.ANCHORARRAY( $A$3), 0))^2 + INDEX($E$3:$E$75,MATCH($I4,_xlfn.ANCHORARRAY($A$3),0))^2 + INDEX($F$3:$F$75,MATCH($I4,_xlfn.ANCHORARRAY($A$3),0))^2 ) ) -> 1 | L4: =( INDEX($B$3:$B$75, MATCH(L$2,_xlfn.ANCHORARRAY( $A$3), 0)) * INDEX($B$3:$B$75, MATCH($I4,_xlfn.ANCHORARRAY( $A$3), 0)) + ( INDEX($C$3:$C$75, MATCH(L$2,_xlfn.ANCHORARRAY( $A$3), 0)) * INDEX($C$3:$C$75, MATCH($I4,_xlfn.ANCHORARRAY( $A$3), 0)) ) * IF( SIGN(INDEX($C$3:$C$75, MATCH(L$2,_xlfn.ANCHORARRAY( $A$3), 0))) = SIGN(INDEX($C$3:$C$75, MATCH($I4,_xlfn.ANCHORARRAY( $A$3), 0))), 1, 0.1 ) + INDEX($D$3:$D$75, MATCH(L$2,_xlfn.ANCHORARRAY( $A$3), 0)) * INDEX($D$3:$D$75, MATCH($I4,_xlfn.ANCHORARRAY( $A$3), 0)) + INDEX($E$3:$E$75,MATCH(L$2,_xlfn.ANCHORARRAY($A$3),0)) * INDEX($E$3:$E$75,MATCH($I4,_xlfn.ANCHORARRAY($A$3),0)) + INDEX($F$3:$F$75,MATCH(L$2,_xlfn.ANCHORARRAY($A$3),0)) * INDEX($F$3:$F$75,MATCH($I4,_xlfn.ANCHORARRAY($A$3),0))) / ( SQRT( INDEX($B$3:$B$75, MATCH(L$2,_xlfn.ANCHORARRAY( $A$3), 0))^2 + INDEX($C$3:$C$75, MATCH(L$2,_xlfn.ANCHORARRAY( $A$3), 0))^2 + INDEX($D$3:$D$75, MATCH(L$2,_xlfn.ANCHORARRAY( $A$3), 0))^2 + INDEX($E$3:$E$75,MATCH(L$2,_xlfn.ANCHORARRAY($A$3),0))^2 + INDEX($F$3:$F$75,MATCH(L$2,_xlfn.ANCHORARRAY($A$3),0))^2 ) * SQRT( INDEX($B$3:$B$75, MATCH($I4,_xlfn.ANCHORARRAY( $A$3), 0))^2 + INDEX($C$3:$C$75, MATCH($I4,_xlfn.ANCHORARRAY( $A$3), 0))^2 + INDEX($D$3:$D$75, MATCH($I4,_xlfn.ANCHORARRAY( $A$3), 0))^2 + INDEX($E$3:$E$75,MATCH($I4,_xlfn.ANCHORARRAY($A$3),0))^2 + INDEX($F$3:$F$75,MATCH($I4,_xlfn.ANCHORARRAY($A$3),0))^2 ) ) -> 0.99263499 | M4: =( INDEX($B$3:$B$75, MATCH(M$2,_xlfn.ANCHORARRAY( $A$3), 0)) * INDEX($B$3:$B$75, MATCH($I4,_xlfn.ANCHORARRAY( $A$3), 0)) + ( INDEX($C$3:$C$75, MATCH(M$2,_xlfn.ANCHORARRAY( $A$3), 0)) * INDEX($C$3:$C$75, MATCH($I4,_xlfn.ANCHORARRAY( $A$3), 0)) ) * IF( SIGN(INDEX($C$3:$C$75, MATCH(M$2,_xlfn.ANCHORARRAY( $A$3), 0))) = SIGN(INDEX($C$3:$C$75, MATCH($I4,_xlfn.ANCHORARRAY( $A$3), 0))), 1, 0.1 ) + INDEX($D$3:$D$75, MATCH(M$2,_xlfn.ANCHORARRAY( $A$3), 0)) * INDEX($D$3:$D$75, MATCH($I4,_xlfn.ANCHORARRAY( $A$3), 0)) + INDEX($E$3:$E$75,MATCH(M$2,_xlfn.ANCHORARRAY($A$3),0)) * INDEX($E$3:$E$75,MATCH($I4,_xlfn.ANCHORARRAY($A$3),0)) + INDEX($F$3:$F$75,MATCH(M$2,_xlfn.ANCHORARRAY($A$3),0)) * INDEX($F$3:$F$75,MATCH($I4,_xlfn.ANCHORARRAY($A$3),0))) / ( SQRT( INDEX($B$3:$B$75, MATCH(M$2,_xlfn.ANCHORARRAY( $A$3), 0))^2 + INDEX($C$3:$C$75, MATCH(M$2,_xlfn.ANCHORARRAY( $A$3), 0))^2 + INDEX($D$3:$D$75, MATCH(M$2,_xlfn.ANCHORARRAY( $A$3), 0))^2 + INDEX($E$3:$E$75,MATCH(M$2,_xlfn.ANCHORARRAY($A$3),0))^2 + INDEX($F$3:$F$75,MATCH(M$2,_xlfn.ANCHORARRAY($A$3),0))^2 ) * SQRT( INDEX($B$3:$B$75, MATCH($I4,_xlfn.ANCHORARRAY( $A$3), 0))^2 + INDEX($C$3:$C$75, MATCH($I4,_xlfn.ANCHORARRAY( $A$3), 0))^2 + INDEX($D$3:$D$75, MATCH($I4,_xlfn.ANCHORARRAY( $A$3), 0))^2 + INDEX($E$3:$E$75,MATCH($I4,_xlfn.ANCHORARRAY($A$3),0))^2 + INDEX($F$3:$F$75,MATCH($I4,_xlfn.ANCHORARRAY($A$3),0))^2 ) ) -> 0.94318301 | N4: =( INDEX($B$3:$B$75, MATCH(N$2,_xlfn.ANCHORARRAY( $A$3), 0)) * INDEX($B$3:$B$75, MATCH($I4,_xlfn.ANCHORARRAY( $A$3), 0)) + ( INDEX($C$3:$C$75, MATCH(N$2,_xlfn.ANCHORARRAY( $A$3), 0)) * INDEX($C$3:$C$75, MATCH($I4,_xlfn.ANCHORARRAY( $A$3), 0)) ) * IF( SIGN(INDEX($C$3:$C$75, MATCH(N$2,_xlfn.ANCHORARRAY( $A$3), 0))) = SIGN(INDEX($C$3:$C$75, MATCH($I4,_xlfn.ANCHORARRAY( $A$3), 0))), 1, 0.1 ) + INDEX($D$3:$D$75, MATCH(N$2,_xlfn.ANCHORARRAY( $A$3), 0)) * INDEX($D$3:$D$75, MATCH($I4,_xlfn.ANCHORARRAY( $A$3), 0)) + INDEX($E$3:$E$75,MATCH(N$2,_xlfn.ANCHORARRAY($A$3),0)) * INDEX($E$3:$E$75,MATCH($I4,_xlfn.ANCHORARRAY($A$3),0)) + INDEX($F$3:$F$75,MATCH(N$2,_xlfn.ANCHORARRAY($A$3),0)) * INDEX($F$3:$F$75,MATCH($I4,_xlfn.ANCHORARRAY($A$3),0))) / ( SQRT( INDEX($B$3:$B$75, MATCH(N$2,_xlfn.ANCHORARRAY( $A$3), 0))^2 + INDEX($C$3:$C$75, MATCH(N$2,_xlfn.ANCHORARRAY( $A$3), 0))^2 + INDEX($D$3:$D$75, MATCH(N$2,_xlfn.ANCHORARRAY( $A$3), 0))^2 + INDEX($E$3:$E$75,MATCH(N$2,_xlfn.ANCHORARRAY($A$3),0))^2 + INDEX($F$3:$F$75,MATCH(N$2,_xlfn.ANCHORARRAY($A$3),0))^2 ) * SQRT( INDEX($B$3:$B$75, MATCH($I4,_xlfn.ANCHORARRAY( $A$3), 0))^2 + INDEX($C$3:$C$75, MATCH($I4,_xlfn.ANCHORARRAY( $A$3), 0))^2 + INDEX($D$3:$D$75, MATCH($I4,_xlfn.ANCHORARRAY( $A$3), 0))^2 + INDEX($E$3:$E$75,MATCH($I4,_xlfn.ANCHORARRAY($A$3),0))^2 + INDEX($F$3:$F$75,MATCH($I4,_xlfn.ANCHORARRAY($A$3),0))^2 ) ) -> 0.60964493 | O4: =( INDEX($B$3:$B$75, MATCH(O$2,_xlfn.ANCHORARRAY( $A$3), 0)) * INDEX($B$3:$B$75, MATCH($I4,_xlfn.ANCHORARRAY( $A$3), 0)) + ( INDEX($C$3:$C$75, MATCH(O$2,_xlfn.ANCHORARRAY( $A$3), 0)) * INDEX($C$3:$C$75, MATCH($I4,_xlfn.ANCHORARRAY( $A$3), 0)) ) * IF( SIGN(INDEX($C$3:$C$75, MATCH(O$2,_xlfn.ANCHORARRAY( $A$3), 0))) = SIGN(INDEX($C$3:$C$75, MATCH($I4,_xlfn.ANCHORARRAY( $A$3), 0))), 1, 0.1 ) + INDEX($D$3:$D$75, MATCH(O$2,_xlfn.ANCHORARRAY( $A$3), 0)) * INDEX($D$3:$D$75, MATCH($I4,_xlfn.ANCHORARRAY( $A$3), 0)) + INDEX($E$3:$E$75,MATCH(O$2,_xlfn.ANCHORARRAY($A$3),0)) * INDEX($E$3:$E$75,MATCH($I4,_xlfn.ANCHORARRAY($A$3),0)) + INDEX($F$3:$F$75,MATCH(O$2,_xlfn.ANCHORARRAY($A$3),0)) * INDEX($F$3:$F$75,MATCH($I4,_xlfn.ANCHORARRAY($A$3),0))) / ( SQRT( INDEX($B$3:$B$75, MATCH(O$2,_xlfn.ANCHORARRAY( $A$3), 0))^2 + INDEX($C$3:$C$75, MATCH(O$2,_xlfn.ANCHORARRAY( $A$3), 0))^2 + INDEX($D$3:$D$75, MATCH(O$2,_xlfn.ANCHORARRAY( $A$3), 0))^2 + INDEX($E$3:$E$75,MATCH(O$2,_xlfn.ANCHORARRAY($A$3),0))^2 + INDEX($F$3:$F$75,MATCH(O$2,_xlfn.ANCHORARRAY($A$3),0))^2 ) * SQRT( INDEX($B$3:$B$75, MATCH($I4,_xlfn.ANCHORARRAY( $A$3), 0))^2 + INDEX($C$3:$C$75, MATCH($I4,_xlfn.ANCHORARRAY( $A$3), 0))^2 + INDEX($D$3:$D$75, MATCH($I4,_xlfn.ANCHORARRAY( $A$3), 0))^2 + INDEX($E$3:$E$75,MATCH($I4,_xlfn.ANCHORARRAY($A$3),0))^2 + INDEX($F$3:$F$75,MATCH($I4,_xlfn.ANCHORARRAY($A$3),0))^2 ) ) -> 0.94805179 | P4: =( INDEX($B$3:$B$75, MATCH(P$2,_xlfn.ANCHORARRAY( $A$3), 0)) * INDEX($B$3:$B$75, MATCH($I4,_xlfn.ANCHORARRAY( $A$3), 0)) + ( INDEX($C$3:$C$75, MATCH(P$2,_xlfn.ANCHORARRAY( $A$3), 0)) * INDEX($C$3:$C$75, MATCH($I4,_xlfn.ANCHORARRAY( $A$3), 0)) ) * IF( SIGN(INDEX($C$3:$C$75, MATCH(P$2,_xlfn.ANCHORARRAY( $A$3), 0))) = SIGN(INDEX($C$3:$C$75, MATCH($I4,_xlfn.ANCHORARRAY( $A$3), 0))), 1, 0.1 ) + INDEX($D$3:$D$75, MATCH(P$2,_xlfn.ANCHORARRAY( $A$3), 0)) * INDEX($D$3:$D$75, MATCH($I4,_xlfn.ANCHORARRAY( $A$3), 0)) + INDEX($E$3:$E$75,MATCH(P$2,_xlfn.ANCHORARRAY($A$3),0)) * INDEX($E$3:$E$75,MATCH($I4,_xlfn.ANCHORARRAY($A$3),0)) + INDEX($F$3:$F$75,MATCH(P$2,_xlfn.ANCHORARRAY($A$3),0)) * INDEX($F$3:$F$75,MATCH($I4,_xlfn.ANCHORARRAY($A$3),0))) / ( SQRT( INDEX($B$3:$B$75, MATCH(P$2,_xlfn.ANCHORARRAY( $A$3), 0))^2 + INDEX($C$3:$C$75, MATCH(P$2,_xlfn.ANCHORARRAY( $A$3), 0))^2 + INDEX($D$3:$D$75, MATCH(P$2,_xlfn.ANCHORARRAY( $A$3), 0))^2 + INDEX($E$3:$E$75,MATCH(P$2,_xlfn.ANCHORARRAY($A$3),0))^2 + INDEX($F$3:$F$75,MATCH(P$2,_xlfn.ANCHORARRAY($A$3),0))^2 ) * SQRT( INDEX($B$3:$B$75, MATCH($I4,_xlfn.ANCHORARRAY( $A$3), 0))^2 + INDEX($C$3:$C$75, MATCH($I4,_xlfn.ANCHORARRAY( $A$3), 0))^2 + INDEX($D$3:$D$75, MATCH($I4,_xlfn.ANCHORARRAY( $A$3), 0))^2 + INDEX($E$3:$E$75,MATCH($I4,_xlfn.ANCHORARRAY($A$3),0))^2 + INDEX($F$3:$F$75,MATCH($I4,_xlfn.ANCHORARRAY($A$3),0))^2 ) ) -> 0.69874086 | Q4: =( INDEX($B$3:$B$75, MATCH(Q$2,_xlfn.ANCHORARRAY( $A$3), 0)) * INDEX($B$3:$B$75, MATCH($I4,_xlfn.ANCHORARRAY( $A$3), 0)) + ( INDEX($C$3:$C$75, MATCH(Q$2,_xlfn.ANCHORARRAY( $A$3), 0)) * INDEX($C$3:$C$75, MATCH($I4,_xlfn.ANCHORARRAY( $A$3), 0)) ) * IF( SIGN(INDEX($C$3:$C$75, MATCH(Q$2,_xlfn.ANCHORARRAY( $A$3), 0))) = SIGN(INDEX($C$3:$C$75, MATCH($I4,_xlfn.ANCHORARRAY( $A$3), 0))), 1, 0.1 ) + INDEX($D$3:$D$75, MATCH(Q$2,_xlfn.ANCHORARRAY( $A$3), 0)) * INDEX($D$3:$D$75, MATCH($I4,_xlfn.ANCHORARRAY( $A$3), 0)) + INDEX($E$3:$E$75,MATCH(Q$2,_xlfn.ANCHORARRAY($A$3),0)) * INDEX($E$3:$E$75,MATCH($I4,_xlfn.ANCHORARRAY($A$3),0)) + INDEX($F$3:$F$75,MATCH(Q$2,_xlfn.ANCHORARRAY($A$3),0)) * INDEX($F$3:$F$75,MATCH($I4,_xlfn.ANCHORARRAY($A$3),0))) / ( SQRT( INDEX($B$3:$B$75, MATCH(Q$2,_xlfn.ANCHORARRAY( $A$3), 0))^2 + INDEX($C$3:$C$75, MATCH(Q$2,_xlfn.ANCHORARRAY( $A$3), 0))^2 + INDEX($D$3:$D$75, MATCH(Q$2,_xlfn.ANCHORARRAY( $A$3), 0))^2 + INDEX($E$3:$E$75,MATCH(Q$2,_xlfn.ANCHORARRAY($A$3),0))^2 + INDEX($F$3:$F$75,MATCH(Q$2,_xlfn.ANCHORARRAY($A$3),0))^2 ) * SQRT( INDEX($B$3:$B$75, MATCH($I4,_xlfn.ANCHORARRAY( $A$3), 0))^2 + INDEX($C$3:$C$75, MATCH($I4,_xlfn.ANCHORARRAY( $A$3), 0))^2 + INDEX($D$3:$D$75, MATCH($I4,_xlfn.ANCHORARRAY( $A$3), 0))^2 + INDEX($E$3:$E$75,MATCH($I4,_xlfn.ANCHORARRAY($A$3),0))^2 + INDEX($F$3:$F$75,MATCH($I4,_xlfn.ANCHORARRAY($A$3),0))^2 ) ) -> 0.99538548 | ... CD4: =( INDEX($B$3:$B$75, MATCH(CD$2,_xlfn.ANCHORARRAY( $A$3), 0)) * INDEX($B$3:$B$75, MATCH($I4,_xlfn.ANCHORARRAY( $A$3), 0)) + ( INDEX($C$3:$C$75, MATCH(CD$2,_xlfn.ANCHORARRAY( $A$3), 0)) * INDEX($C$3:$C$75, MATCH($I4,_xlfn.ANCHORARRAY( $A$3), 0)) ) * IF( SIGN(INDEX($C$3:$C$75, MATCH(CD$2,_xlfn.ANCHORARRAY( $A$3), 0))) = SIGN(INDEX($C$3:$C$75, MATCH($I4,_xlfn.ANCHORARRAY( $A$3), 0))), 1, 0.1 ) + INDEX($D$3:$D$75, MATCH(CD$2,_xlfn.ANCHORARRAY( $A$3), 0)) * INDEX($D$3:$D$75, MATCH($I4,_xlfn.ANCHORARRAY( $A$3), 0)) + INDEX($E$3:$E$75,MATCH(CD$2,_xlfn.ANCHORARRAY($A$3),0)) * INDEX($E$3:$E$75,MATCH($I4,_xlfn.ANCHORARRAY($A$3),0)) + INDEX($F$3:$F$75,MATCH(CD$2,_xlfn.ANCHORARRAY($A$3),0)) * INDEX($F$3:$F$75,MATCH($I4,_xlfn.ANCHORARRAY($A$3),0))) / ( SQRT( INDEX($B$3:$B$75, MATCH(CD$2,_xlfn.ANCHORARRAY( $A$3), 0))^2 + INDEX($C$3:$C$75, MATCH(CD$2,_xlfn.ANCHORARRAY( $A$3), 0))^2 + INDEX($D$3:$D$75, MATCH(CD$2,_xlfn.ANCHORARRAY( $A$3), 0))^2 + INDEX($E$3:$E$75,MATCH(CD$2,_xlfn.ANCHORARRAY($A$3),0))^2 + INDEX($F$3:$F$75,MATCH(CD$2,_xlfn.ANCHORARRAY($A$3),0))^2 ) * SQRT( INDEX($B$3:$B$75, MATCH($I4,_xlfn.ANCHORARRAY( $A$3), 0))^2 + INDEX($C$3:$C$75, MATCH($I4,_xlfn.ANCHORARRAY( $A$3), 0))^2 + INDEX($D$3:$D$75, MATCH($I4,_xlfn.ANCHORARRAY( $A$3), 0))^2 + INDEX($E$3:$E$75,MATCH($I4,_xlfn.ANCHORARRAY($A$3),0))^2 + INDEX($F$3:$F$75,MATCH($I4,_xlfn.ANCHORARRAY($A$3),0))^2 ) ) -> 0.59178134
A5: Strider, Spencer | B5: =_xlfn.XLOOKUP($A5,braves_19_25__2[player_name], braves_19_25__2[release_pos_z]) -> 6.09 | C5: =_xlfn.XLOOKUP($A5,braves_19_25__2[player_name], braves_19_25__2[release_pos_x])*2.5 -> -5.475 | D5: =_xlfn.XLOOKUP($A5,braves_19_25__2[player_name], braves_19_25__2[release_extension]) -> 6.3 | E5: =COS(RADIANS(AVERAGE(_xlfn.XLOOKUP($A5,braves_19_25__2[player_name],braves_19_25__2[arm_angle]))))*4 -> 3.1217216 | F5: =SIN(RADIANS(AVERAGE(_xlfn.XLOOKUP($A5,braves_19_25__2[player_name],braves_19_25__2[arm_angle]))))*4 -> 2.5009706 | G5: =SQRT(SUMSQ(B5:F5)) -> 11.079428 | I5: Strider, Spencer | J5: =( INDEX($B$3:$B$75, MATCH(J$2,_xlfn.ANCHORARRAY( $A$3), 0)) * INDEX($B$3:$B$75, MATCH($I5,_xlfn.ANCHORARRAY( $A$3), 0)) + ( INDEX($C$3:$C$75, MATCH(J$2,_xlfn.ANCHORARRAY( $A$3), 0)) * INDEX($C$3:$C$75, MATCH($I5,_xlfn.ANCHORARRAY( $A$3), 0)) ) * IF( SIGN(INDEX($C$3:$C$75, MATCH(J$2,_xlfn.ANCHORARRAY( $A$3), 0))) = SIGN(INDEX($C$3:$C$75, MATCH($I5,_xlfn.ANCHORARRAY( $A$3), 0))), 1, 0.1 ) + INDEX($D$3:$D$75, MATCH(J$2,_xlfn.ANCHORARRAY( $A$3), 0)) * INDEX($D$3:$D$75, MATCH($I5,_xlfn.ANCHORARRAY( $A$3), 0)) + INDEX($E$3:$E$75,MATCH(J$2,_xlfn.ANCHORARRAY($A$3),0)) * INDEX($E$3:$E$75,MATCH($I5,_xlfn.ANCHORARRAY($A$3),0)) + INDEX($F$3:$F$75,MATCH(J$2,_xlfn.ANCHORARRAY($A$3),0)) * INDEX($F$3:$F$75,MATCH($I5,_xlfn.ANCHORARRAY($A$3),0))) / ( SQRT( INDEX($B$3:$B$75, MATCH(J$2,_xlfn.ANCHORARRAY( $A$3), 0))^2 + INDEX($C$3:$C$75, MATCH(J$2,_xlfn.ANCHORARRAY( $A$3), 0))^2 + INDEX($D$3:$D$75, MATCH(J$2,_xlfn.ANCHORARRAY( $A$3), 0))^2 + INDEX($E$3:$E$75,MATCH(J$2,_xlfn.ANCHORARRAY($A$3),0))^2 + INDEX($F$3:$F$75,MATCH(J$2,_xlfn.ANCHORARRAY($A$3),0))^2 ) * SQRT( INDEX($B$3:$B$75, MATCH($I5,_xlfn.ANCHORARRAY( $A$3), 0))^2 + INDEX($C$3:$C$75, MATCH($I5,_xlfn.ANCHORARRAY( $A$3), 0))^2 + INDEX($D$3:$D$75, MATCH($I5,_xlfn.ANCHORARRAY( $A$3), 0))^2 + INDEX($E$3:$E$75,MATCH($I5,_xlfn.ANCHORARRAY($A$3),0))^2 + INDEX($F$3:$F$75,MATCH($I5,_xlfn.ANCHORARRAY($A$3),0))^2 ) ) -> 0.80837281 | K5: =( INDEX($B$3:$B$75, MATCH(K$2,_xlfn.ANCHORARRAY( $A$3), 0)) * INDEX($B$3:$B$75, MATCH($I5,_xlfn.ANCHORARRAY( $A$3), 0)) + ( INDEX($C$3:$C$75, MATCH(K$2,_xlfn.ANCHORARRAY( $A$3), 0)) * INDEX($C$3:$C$75, MATCH($I5,_xlfn.ANCHORARRAY( $A$3), 0)) ) * IF( SIGN(INDEX($C$3:$C$75, MATCH(K$2,_xlfn.ANCHORARRAY( $A$3), 0))) = SIGN(INDEX($C$3:$C$75, MATCH($I5,_xlfn.ANCHORARRAY( $A$3), 0))), 1, 0.1 ) + INDEX($D$3:$D$75, MATCH(K$2,_xlfn.ANCHORARRAY( $A$3), 0)) * INDEX($D$3:$D$75, MATCH($I5,_xlfn.ANCHORARRAY( $A$3), 0)) + INDEX($E$3:$E$75,MATCH(K$2,_xlfn.ANCHORARRAY($A$3),0)) * INDEX($E$3:$E$75,MATCH($I5,_xlfn.ANCHORARRAY($A$3),0)) + INDEX($F$3:$F$75,MATCH(K$2,_xlfn.ANCHORARRAY($A$3),0)) * INDEX($F$3:$F$75,MATCH($I5,_xlfn.ANCHORARRAY($A$3),0))) / ( SQRT( INDEX($B$3:$B$75, MATCH(K$2,_xlfn.ANCHORARRAY( $A$3), 0))^2 + INDEX($C$3:$C$75, MATCH(K$2,_xlfn.ANCHORARRAY( $A$3), 0))^2 + INDEX($D$3:$D$75, MATCH(K$2,_xlfn.ANCHORARRAY( $A$3), 0))^2 + INDEX($E$3:$E$75,MATCH(K$2,_xlfn.ANCHORARRAY($A$3),0))^2 + INDEX($F$3:$F$75,MATCH(K$2,_xlfn.ANCHORARRAY($A$3),0))^2 ) * SQRT( INDEX($B$3:$B$75, MATCH($I5,_xlfn.ANCHORARRAY( $A$3), 0))^2 + INDEX($C$3:$C$75, MATCH($I5,_xlfn.ANCHORARRAY( $A$3), 0))^2 + INDEX($D$3:$D$75, MATCH($I5,_xlfn.ANCHORARRAY( $A$3), 0))^2 + INDEX($E$3:$E$75,MATCH($I5,_xlfn.ANCHORARRAY($A$3),0))^2 + INDEX($F$3:$F$75,MATCH($I5,_xlfn.ANCHORARRAY($A$3),0))^2 ) ) -> 0.99263499 | L5: =( INDEX($B$3:$B$75, MATCH(L$2,_xlfn.ANCHORARRAY( $A$3), 0)) * INDEX($B$3:$B$75, MATCH($I5,_xlfn.ANCHORARRAY( $A$3), 0)) + ( INDEX($C$3:$C$75, MATCH(L$2,_xlfn.ANCHORARRAY( $A$3), 0)) * INDEX($C$3:$C$75, MATCH($I5,_xlfn.ANCHORARRAY( $A$3), 0)) ) * IF( SIGN(INDEX($C$3:$C$75, MATCH(L$2,_xlfn.ANCHORARRAY( $A$3), 0))) = SIGN(INDEX($C$3:$C$75, MATCH($I5,_xlfn.ANCHORARRAY( $A$3), 0))), 1, 0.1 ) + INDEX($D$3:$D$75, MATCH(L$2,_xlfn.ANCHORARRAY( $A$3), 0)) * INDEX($D$3:$D$75, MATCH($I5,_xlfn.ANCHORARRAY( $A$3), 0)) + INDEX($E$3:$E$75,MATCH(L$2,_xlfn.ANCHORARRAY($A$3),0)) * INDEX($E$3:$E$75,MATCH($I5,_xlfn.ANCHORARRAY($A$3),0)) + INDEX($F$3:$F$75,MATCH(L$2,_xlfn.ANCHORARRAY($A$3),0)) * INDEX($F$3:$F$75,MATCH($I5,_xlfn.ANCHORARRAY($A$3),0))) / ( SQRT( INDEX($B$3:$B$75, MATCH(L$2,_xlfn.ANCHORARRAY( $A$3), 0))^2 + INDEX($C$3:$C$75, MATCH(L$2,_xlfn.ANCHORARRAY( $A$3), 0))^2 + INDEX($D$3:$D$75, MATCH(L$2,_xlfn.ANCHORARRAY( $A$3), 0))^2 + INDEX($E$3:$E$75,MATCH(L$2,_xlfn.ANCHORARRAY($A$3),0))^2 + INDEX($F$3:$F$75,MATCH(L$2,_xlfn.ANCHORARRAY($A$3),0))^2 ) * SQRT( INDEX($B$3:$B$75, MATCH($I5,_xlfn.ANCHORARRAY( $A$3), 0))^2 + INDEX($C$3:$C$75, MATCH($I5,_xlfn.ANCHORARRAY( $A$3), 0))^2 + INDEX($D$3:$D$75, MATCH($I5,_xlfn.ANCHORARRAY( $A$3), 0))^2 + INDEX($E$3:$E$75,MATCH($I5,_xlfn.ANCHORARRAY($A$3),0))^2 + INDEX($F$3:$F$75,MATCH($I5,_xlfn.ANCHORARRAY($A$3),0))^2 ) ) -> 1 | M5: =( INDEX($B$3:$B$75, MATCH(M$2,_xlfn.ANCHORARRAY( $A$3), 0)) * INDEX($B$3:$B$75, MATCH($I5,_xlfn.ANCHORARRAY( $A$3), 0)) + ( INDEX($C$3:$C$75, MATCH(M$2,_xlfn.ANCHORARRAY( $A$3), 0)) * INDEX($C$3:$C$75, MATCH($I5,_xlfn.ANCHORARRAY( $A$3), 0)) ) * IF( SIGN(INDEX($C$3:$C$75, MATCH(M$2,_xlfn.ANCHORARRAY( $A$3), 0))) = SIGN(INDEX($C$3:$C$75, MATCH($I5,_xlfn.ANCHORARRAY( $A$3), 0))), 1, 0.1 ) + INDEX($D$3:$D$75, MATCH(M$2,_xlfn.ANCHORARRAY( $A$3), 0)) * INDEX($D$3:$D$75, MATCH($I5,_xlfn.ANCHORARRAY( $A$3), 0)) + INDEX($E$3:$E$75,MATCH(M$2,_xlfn.ANCHORARRAY($A$3),0)) * INDEX($E$3:$E$75,MATCH($I5,_xlfn.ANCHORARRAY($A$3),0)) + INDEX($F$3:$F$75,MATCH(M$2,_xlfn.ANCHORARRAY($A$3),0)) * INDEX($F$3:$F$75,MATCH($I5,_xlfn.ANCHORARRAY($A$3),0))) / ( SQRT( INDEX($B$3:$B$75, MATCH(M$2,_xlfn.ANCHORARRAY( $A$3), 0))^2 + INDEX($C$3:$C$75, MATCH(M$2,_xlfn.ANCHORARRAY( $A$3), 0))^2 + INDEX($D$3:$D$75, MATCH(M$2,_xlfn.ANCHORARRAY( $A$3), 0))^2 + INDEX($E$3:$E$75,MATCH(M$2,_xlfn.ANCHORARRAY($A$3),0))^2 + INDEX($F$3:$F$75,MATCH(M$2,_xlfn.ANCHORARRAY($A$3),0))^2 ) * SQRT( INDEX($B$3:$B$75, MATCH($I5,_xlfn.ANCHORARRAY( $A$3), 0))^2 + INDEX($C$3:$C$75, MATCH($I5,_xlfn.ANCHORARRAY( $A$3), 0))^2 + INDEX($D$3:$D$75, MATCH($I5,_xlfn.ANCHORARRAY( $A$3), 0))^2 + INDEX($E$3:$E$75,MATCH($I5,_xlfn.ANCHORARRAY($A$3),0))^2 + INDEX($F$3:$F$75,MATCH($I5,_xlfn.ANCHORARRAY($A$3),0))^2 ) ) -> 0.96994759 | N5: =( INDEX($B$3:$B$75, MATCH(N$2,_xlfn.ANCHORARRAY( $A$3), 0)) * INDEX($B$3:$B$75, MATCH($I5,_xlfn.ANCHORARRAY( $A$3), 0)) + ( INDEX($C$3:$C$75, MATCH(N$2,_xlfn.ANCHORARRAY( $A$3), 0)) * INDEX($C$3:$C$75, MATCH($I5,_xlfn.ANCHORARRAY( $A$3), 0)) ) * IF( SIGN(INDEX($C$3:$C$75, MATCH(N$2,_xlfn.ANCHORARRAY( $A$3), 0))) = SIGN(INDEX($C$3:$C$75, MATCH($I5,_xlfn.ANCHORARRAY( $A$3), 0))), 1, 0.1 ) + INDEX($D$3:$D$75, MATCH(N$2,_xlfn.ANCHORARRAY( $A$3), 0)) * INDEX($D$3:$D$75, MATCH($I5,_xlfn.ANCHORARRAY( $A$3), 0)) + INDEX($E$3:$E$75,MATCH(N$2,_xlfn.ANCHORARRAY($A$3),0)) * INDEX($E$3:$E$75,MATCH($I5,_xlfn.ANCHORARRAY($A$3),0)) + INDEX($F$3:$F$75,MATCH(N$2,_xlfn.ANCHORARRAY($A$3),0)) * INDEX($F$3:$F$75,MATCH($I5,_xlfn.ANCHORARRAY($A$3),0))) / ( SQRT( INDEX($B$3:$B$75, MATCH(N$2,_xlfn.ANCHORARRAY( $A$3), 0))^2 + INDEX($C$3:$C$75, MATCH(N$2,_xlfn.ANCHORARRAY( $A$3), 0))^2 + INDEX($D$3:$D$75, MATCH(N$2,_xlfn.ANCHORARRAY( $A$3), 0))^2 + INDEX($E$3:$E$75,MATCH(N$2,_xlfn.ANCHORARRAY($A$3),0))^2 + INDEX($F$3:$F$75,MATCH(N$2,_xlfn.ANCHORARRAY($A$3),0))^2 ) * SQRT( INDEX($B$3:$B$75, MATCH($I5,_xlfn.ANCHORARRAY( $A$3), 0))^2 + INDEX($C$3:$C$75, MATCH($I5,_xlfn.ANCHORARRAY( $A$3), 0))^2 + INDEX($D$3:$D$75, MATCH($I5,_xlfn.ANCHORARRAY( $A$3), 0))^2 + INDEX($E$3:$E$75,MATCH($I5,_xlfn.ANCHORARRAY($A$3),0))^2 + INDEX($F$3:$F$75,MATCH($I5,_xlfn.ANCHORARRAY($A$3),0))^2 ) ) -> 0.60890672 | O5: =( INDEX($B$3:$B$75, MATCH(O$2,_xlfn.ANCHORARRAY( $A$3), 0)) * INDEX($B$3:$B$75, MATCH($I5,_xlfn.ANCHORARRAY( $A$3), 0)) + ( INDEX($C$3:$C$75, MATCH(O$2,_xlfn.ANCHORARRAY( $A$3), 0)) * INDEX($C$3:$C$75, MATCH($I5,_xlfn.ANCHORARRAY( $A$3), 0)) ) * IF( SIGN(INDEX($C$3:$C$75, MATCH(O$2,_xlfn.ANCHORARRAY( $A$3), 0))) = SIGN(INDEX($C$3:$C$75, MATCH($I5,_xlfn.ANCHORARRAY( $A$3), 0))), 1, 0.1 ) + INDEX($D$3:$D$75, MATCH(O$2,_xlfn.ANCHORARRAY( $A$3), 0)) * INDEX($D$3:$D$75, MATCH($I5,_xlfn.ANCHORARRAY( $A$3), 0)) + INDEX($E$3:$E$75,MATCH(O$2,_xlfn.ANCHORARRAY($A$3),0)) * INDEX($E$3:$E$75,MATCH($I5,_xlfn.ANCHORARRAY($A$3),0)) + INDEX($F$3:$F$75,MATCH(O$2,_xlfn.ANCHORARRAY($A$3),0)) * INDEX($F$3:$F$75,MATCH($I5,_xlfn.ANCHORARRAY($A$3),0))) / ( SQRT( INDEX($B$3:$B$75, MATCH(O$2,_xlfn.ANCHORARRAY( $A$3), 0))^2 + INDEX($C$3:$C$75, MATCH(O$2,_xlfn.ANCHORARRAY( $A$3), 0))^2 + INDEX($D$3:$D$75, MATCH(O$2,_xlfn.ANCHORARRAY( $A$3), 0))^2 + INDEX($E$3:$E$75,MATCH(O$2,_xlfn.ANCHORARRAY($A$3),0))^2 + INDEX($F$3:$F$75,MATCH(O$2,_xlfn.ANCHORARRAY($A$3),0))^2 ) * SQRT( INDEX($B$3:$B$75, MATCH($I5,_xlfn.ANCHORARRAY( $A$3), 0))^2 + INDEX($C$3:$C$75, MATCH($I5,_xlfn.ANCHORARRAY( $A$3), 0))^2 + INDEX($D$3:$D$75, MATCH($I5,_xlfn.ANCHORARRAY( $A$3), 0))^2 + INDEX($E$3:$E$75,MATCH($I5,_xlfn.ANCHORARRAY($A$3),0))^2 + INDEX($F$3:$F$75,MATCH($I5,_xlfn.ANCHORARRAY($A$3),0))^2 ) ) -> 0.97645337 | P5: =( INDEX($B$3:$B$75, MATCH(P$2,_xlfn.ANCHORARRAY( $A$3), 0)) * INDEX($B$3:$B$75, MATCH($I5,_xlfn.ANCHORARRAY( $A$3), 0)) + ( INDEX($C$3:$C$75, MATCH(P$2,_xlfn.ANCHORARRAY( $A$3), 0)) * INDEX($C$3:$C$75, MATCH($I5,_xlfn.ANCHORARRAY( $A$3), 0)) ) * IF( SIGN(INDEX($C$3:$C$75, MATCH(P$2,_xlfn.ANCHORARRAY( $A$3), 0))) = SIGN(INDEX($C$3:$C$75, MATCH($I5,_xlfn.ANCHORARRAY( $A$3), 0))), 1, 0.1 ) + INDEX($D$3:$D$75, MATCH(P$2,_xlfn.ANCHORARRAY( $A$3), 0)) * INDEX($D$3:$D$75, MATCH($I5,_xlfn.ANCHORARRAY( $A$3), 0)) + INDEX($E$3:$E$75,MATCH(P$2,_xlfn.ANCHORARRAY($A$3),0)) * INDEX($E$3:$E$75,MATCH($I5,_xlfn.ANCHORARRAY($A$3),0)) + INDEX($F$3:$F$75,MATCH(P$2,_xlfn.ANCHORARRAY($A$3),0)) * INDEX($F$3:$F$75,MATCH($I5,_xlfn.ANCHORARRAY($A$3),0))) / ( SQRT( INDEX($B$3:$B$75, MATCH(P$2,_xlfn.ANCHORARRAY( $A$3), 0))^2 + INDEX($C$3:$C$75, MATCH(P$2,_xlfn.ANCHORARRAY( $A$3), 0))^2 + INDEX($D$3:$D$75, MATCH(P$2,_xlfn.ANCHORARRAY( $A$3), 0))^2 + INDEX($E$3:$E$75,MATCH(P$2,_xlfn.ANCHORARRAY($A$3),0))^2 + INDEX($F$3:$F$75,MATCH(P$2,_xlfn.ANCHORARRAY($A$3),0))^2 ) * SQRT( INDEX($B$3:$B$75, MATCH($I5,_xlfn.ANCHORARRAY( $A$3), 0))^2 + INDEX($C$3:$C$75, MATCH($I5,_xlfn.ANCHORARRAY( $A$3), 0))^2 + INDEX($D$3:$D$75, MATCH($I5,_xlfn.ANCHORARRAY( $A$3), 0))^2 + INDEX($E$3:$E$75,MATCH($I5,_xlfn.ANCHORARRAY($A$3),0))^2 + INDEX($F$3:$F$75,MATCH($I5,_xlfn.ANCHORARRAY($A$3),0))^2 ) ) -> 0.72240722 | Q5: =( INDEX($B$3:$B$75, MATCH(Q$2,_xlfn.ANCHORARRAY( $A$3), 0)) * INDEX($B$3:$B$75, MATCH($I5,_xlfn.ANCHORARRAY( $A$3), 0)) + ( INDEX($C$3:$C$75, MATCH(Q$2,_xlfn.ANCHORARRAY( $A$3), 0)) * INDEX($C$3:$C$75, MATCH($I5,_xlfn.ANCHORARRAY( $A$3), 0)) ) * IF( SIGN(INDEX($C$3:$C$75, MATCH(Q$2,_xlfn.ANCHORARRAY( $A$3), 0))) = SIGN(INDEX($C$3:$C$75, MATCH($I5,_xlfn.ANCHORARRAY( $A$3), 0))), 1, 0.1 ) + INDEX($D$3:$D$75, MATCH(Q$2,_xlfn.ANCHORARRAY( $A$3), 0)) * INDEX($D$3:$D$75, MATCH($I5,_xlfn.ANCHORARRAY( $A$3), 0)) + INDEX($E$3:$E$75,MATCH(Q$2,_xlfn.ANCHORARRAY($A$3),0)) * INDEX($E$3:$E$75,MATCH($I5,_xlfn.ANCHORARRAY($A$3),0)) + INDEX($F$3:$F$75,MATCH(Q$2,_xlfn.ANCHORARRAY($A$3),0)) * INDEX($F$3:$F$75,MATCH($I5,_xlfn.ANCHORARRAY($A$3),0))) / ( SQRT( INDEX($B$3:$B$75, MATCH(Q$2,_xlfn.ANCHORARRAY( $A$3), 0))^2 + INDEX($C$3:$C$75, MATCH(Q$2,_xlfn.ANCHORARRAY( $A$3), 0))^2 + INDEX($D$3:$D$75, MATCH(Q$2,_xlfn.ANCHORARRAY( $A$3), 0))^2 + INDEX($E$3:$E$75,MATCH(Q$2,_xlfn.ANCHORARRAY($A$3),0))^2 + INDEX($F$3:$F$75,MATCH(Q$2,_xlfn.ANCHORARRAY($A$3),0))^2 ) * SQRT( INDEX($B$3:$B$75, MATCH($I5,_xlfn.ANCHORARRAY( $A$3), 0))^2 + INDEX($C$3:$C$75, MATCH($I5,_xlfn.ANCHORARRAY( $A$3), 0))^2 + INDEX($D$3:$D$75, MATCH($I5,_xlfn.ANCHORARRAY( $A$3), 0))^2 + INDEX($E$3:$E$75,MATCH($I5,_xlfn.ANCHORARRAY($A$3),0))^2 + INDEX($F$3:$F$75,MATCH($I5,_xlfn.ANCHORARRAY($A$3),0))^2 ) ) -> 0.99480318 | ... CD5: =( INDEX($B$3:$B$75, MATCH(CD$2,_xlfn.ANCHORARRAY( $A$3), 0)) * INDEX($B$3:$B$75, MATCH($I5,_xlfn.ANCHORARRAY( $A$3), 0)) + ( INDEX($C$3:$C$75, MATCH(CD$2,_xlfn.ANCHORARRAY( $A$3), 0)) * INDEX($C$3:$C$75, MATCH($I5,_xlfn.ANCHORARRAY( $A$3), 0)) ) * IF( SIGN(INDEX($C$3:$C$75, MATCH(CD$2,_xlfn.ANCHORARRAY( $A$3), 0))) = SIGN(INDEX($C$3:$C$75, MATCH($I5,_xlfn.ANCHORARRAY( $A$3), 0))), 1, 0.1 ) + INDEX($D$3:$D$75, MATCH(CD$2,_xlfn.ANCHORARRAY( $A$3), 0)) * INDEX($D$3:$D$75, MATCH($I5,_xlfn.ANCHORARRAY( $A$3), 0)) + INDEX($E$3:$E$75,MATCH(CD$2,_xlfn.ANCHORARRAY($A$3),0)) * INDEX($E$3:$E$75,MATCH($I5,_xlfn.ANCHORARRAY($A$3),0)) + INDEX($F$3:$F$75,MATCH(CD$2,_xlfn.ANCHORARRAY($A$3),0)) * INDEX($F$3:$F$75,MATCH($I5,_xlfn.ANCHORARRAY($A$3),0))) / ( SQRT( INDEX($B$3:$B$75, MATCH(CD$2,_xlfn.ANCHORARRAY( $A$3), 0))^2 + INDEX($C$3:$C$75, MATCH(CD$2,_xlfn.ANCHORARRAY( $A$3), 0))^2 + INDEX($D$3:$D$75, MATCH(CD$2,_xlfn.ANCHORARRAY( $A$3), 0))^2 + INDEX($E$3:$E$75,MATCH(CD$2,_xlfn.ANCHORARRAY($A$3),0))^2 + INDEX($F$3:$F$75,MATCH(CD$2,_xlfn.ANCHORARRAY($A$3),0))^2 ) * SQRT( INDEX($B$3:$B$75, MATCH($I5,_xlfn.ANCHORARRAY( $A$3), 0))^2 + INDEX($C$3:$C$75, MATCH($I5,_xlfn.ANCHORARRAY( $A$3), 0))^2 + INDEX($D$3:$D$75, MATCH($I5,_xlfn.ANCHORARRAY( $A$3), 0))^2 + INDEX($E$3:$E$75,MATCH($I5,_xlfn.ANCHORARRAY($A$3),0))^2 + INDEX($F$3:$F$75,MATCH($I5,_xlfn.ANCHORARRAY($A$3),0))^2 ) ) -> 0.6157048
A6: Elder, Bryce | B6: =_xlfn.XLOOKUP($A6,braves_19_25__2[player_name], braves_19_25__2[release_pos_z]) -> 6.48 | C6: =_xlfn.XLOOKUP($A6,braves_19_25__2[player_name], braves_19_25__2[release_pos_x])*2.5 -> -2.9 | D6: =_xlfn.XLOOKUP($A6,braves_19_25__2[player_name], braves_19_25__2[release_extension]) -> 6.03 | E6: =COS(RADIANS(AVERAGE(_xlfn.XLOOKUP($A6,braves_19_25__2[player_name],braves_19_25__2[arm_angle]))))*4 -> 2.4955184 | F6: =SIN(RADIANS(AVERAGE(_xlfn.XLOOKUP($A6,braves_19_25__2[player_name],braves_19_25__2[arm_angle]))))*4 -> 3.1260819 | G6: =SQRT(SUMSQ(B6:F6)) -> 10.137125 | I6: Elder, Bryce | J6: =( INDEX($B$3:$B$75, MATCH(J$2,_xlfn.ANCHORARRAY( $A$3), 0)) * INDEX($B$3:$B$75, MATCH($I6,_xlfn.ANCHORARRAY( $A$3), 0)) + ( INDEX($C$3:$C$75, MATCH(J$2,_xlfn.ANCHORARRAY( $A$3), 0)) * INDEX($C$3:$C$75, MATCH($I6,_xlfn.ANCHORARRAY( $A$3), 0)) ) * IF( SIGN(INDEX($C$3:$C$75, MATCH(J$2,_xlfn.ANCHORARRAY( $A$3), 0))) = SIGN(INDEX($C$3:$C$75, MATCH($I6,_xlfn.ANCHORARRAY( $A$3), 0))), 1, 0.1 ) + INDEX($D$3:$D$75, MATCH(J$2,_xlfn.ANCHORARRAY( $A$3), 0)) * INDEX($D$3:$D$75, MATCH($I6,_xlfn.ANCHORARRAY( $A$3), 0)) + INDEX($E$3:$E$75,MATCH(J$2,_xlfn.ANCHORARRAY($A$3),0)) * INDEX($E$3:$E$75,MATCH($I6,_xlfn.ANCHORARRAY($A$3),0)) + INDEX($F$3:$F$75,MATCH(J$2,_xlfn.ANCHORARRAY($A$3),0)) * INDEX($F$3:$F$75,MATCH($I6,_xlfn.ANCHORARRAY($A$3),0))) / ( SQRT( INDEX($B$3:$B$75, MATCH(J$2,_xlfn.ANCHORARRAY( $A$3), 0))^2 + INDEX($C$3:$C$75, MATCH(J$2,_xlfn.ANCHORARRAY( $A$3), 0))^2 + INDEX($D$3:$D$75, MATCH(J$2,_xlfn.ANCHORARRAY( $A$3), 0))^2 + INDEX($E$3:$E$75,MATCH(J$2,_xlfn.ANCHORARRAY($A$3),0))^2 + INDEX($F$3:$F$75,MATCH(J$2,_xlfn.ANCHORARRAY($A$3),0))^2 ) * SQRT( INDEX($B$3:$B$75, MATCH($I6,_xlfn.ANCHORARRAY( $A$3), 0))^2 + INDEX($C$3:$C$75, MATCH($I6,_xlfn.ANCHORARRAY( $A$3), 0))^2 + INDEX($D$3:$D$75, MATCH($I6,_xlfn.ANCHORARRAY( $A$3), 0))^2 + INDEX($E$3:$E$75,MATCH($I6,_xlfn.ANCHORARRAY($A$3),0))^2 + INDEX($F$3:$F$75,MATCH($I6,_xlfn.ANCHORARRAY($A$3),0))^2 ) ) -> 0.90217665 | K6: =( INDEX($B$3:$B$75, MATCH(K$2,_xlfn.ANCHORARRAY( $A$3), 0)) * INDEX($B$3:$B$75, MATCH($I6,_xlfn.ANCHORARRAY( $A$3), 0)) + ( INDEX($C$3:$C$75, MATCH(K$2,_xlfn.ANCHORARRAY( $A$3), 0)) * INDEX($C$3:$C$75, MATCH($I6,_xlfn.ANCHORARRAY( $A$3), 0)) ) * IF( SIGN(INDEX($C$3:$C$75, MATCH(K$2,_xlfn.ANCHORARRAY( $A$3), 0))) = SIGN(INDEX($C$3:$C$75, MATCH($I6,_xlfn.ANCHORARRAY( $A$3), 0))), 1, 0.1 ) + INDEX($D$3:$D$75, MATCH(K$2,_xlfn.ANCHORARRAY( $A$3), 0)) * INDEX($D$3:$D$75, MATCH($I6,_xlfn.ANCHORARRAY( $A$3), 0)) + INDEX($E$3:$E$75,MATCH(K$2,_xlfn.ANCHORARRAY($A$3),0)) * INDEX($E$3:$E$75,MATCH($I6,_xlfn.ANCHORARRAY($A$3),0)) + INDEX($F$3:$F$75,MATCH(K$2,_xlfn.ANCHORARRAY($A$3),0)) * INDEX($F$3:$F$75,MATCH($I6,_xlfn.ANCHORARRAY($A$3),0))) / ( SQRT( INDEX($B$3:$B$75, MATCH(K$2,_xlfn.ANCHORARRAY( $A$3), 0))^2 + INDEX($C$3:$C$75, MATCH(K$2,_xlfn.ANCHORARRAY( $A$3), 0))^2 + INDEX($D$3:$D$75, MATCH(K$2,_xlfn.ANCHORARRAY( $A$3), 0))^2 + INDEX($E$3:$E$75,MATCH(K$2,_xlfn.ANCHORARRAY($A$3),0))^2 + INDEX($F$3:$F$75,MATCH(K$2,_xlfn.ANCHORARRAY($A$3),0))^2 ) * SQRT( INDEX($B$3:$B$75, MATCH($I6,_xlfn.ANCHORARRAY( $A$3), 0))^2 + INDEX($C$3:$C$75, MATCH($I6,_xlfn.ANCHORARRAY( $A$3), 0))^2 + INDEX($D$3:$D$75, MATCH($I6,_xlfn.ANCHORARRAY( $A$3), 0))^2 + INDEX($E$3:$E$75,MATCH($I6,_xlfn.ANCHORARRAY($A$3),0))^2 + INDEX($F$3:$F$75,MATCH($I6,_xlfn.ANCHORARRAY($A$3),0))^2 ) ) -> 0.94318301 | L6: =( INDEX($B$3:$B$75, MATCH(L$2,_xlfn.ANCHORARRAY( $A$3), 0)) * INDEX($B$3:$B$75, MATCH($I6,_xlfn.ANCHORARRAY( $A$3), 0)) + ( INDEX($C$3:$C$75, MATCH(L$2,_xlfn.ANCHORARRAY( $A$3), 0)) * INDEX($C$3:$C$75, MATCH($I6,_xlfn.ANCHORARRAY( $A$3), 0)) ) * IF( SIGN(INDEX($C$3:$C$75, MATCH(L$2,_xlfn.ANCHORARRAY( $A$3), 0))) = SIGN(INDEX($C$3:$C$75, MATCH($I6,_xlfn.ANCHORARRAY( $A$3), 0))), 1, 0.1 ) + INDEX($D$3:$D$75, MATCH(L$2,_xlfn.ANCHORARRAY( $A$3), 0)) * INDEX($D$3:$D$75, MATCH($I6,_xlfn.ANCHORARRAY( $A$3), 0)) + INDEX($E$3:$E$75,MATCH(L$2,_xlfn.ANCHORARRAY($A$3),0)) * INDEX($E$3:$E$75,MATCH($I6,_xlfn.ANCHORARRAY($A$3),0)) + INDEX($F$3:$F$75,MATCH(L$2,_xlfn.ANCHORARRAY($A$3),0)) * INDEX($F$3:$F$75,MATCH($I6,_xlfn.ANCHORARRAY($A$3),0))) / ( SQRT( INDEX($B$3:$B$75, MATCH(L$2,_xlfn.ANCHORARRAY( $A$3), 0))^2 + INDEX($C$3:$C$75, MATCH(L$2,_xlfn.ANCHORARRAY( $A$3), 0))^2 + INDEX($D$3:$D$75, MATCH(L$2,_xlfn.ANCHORARRAY( $A$3), 0))^2 + INDEX($E$3:$E$75,MATCH(L$2,_xlfn.ANCHORARRAY($A$3),0))^2 + INDEX($F$3:$F$75,MATCH(L$2,_xlfn.ANCHORARRAY($A$3),0))^2 ) * SQRT( INDEX($B$3:$B$75, MATCH($I6,_xlfn.ANCHORARRAY( $A$3), 0))^2 + INDEX($C$3:$C$75, MATCH($I6,_xlfn.ANCHORARRAY( $A$3), 0))^2 + INDEX($D$3:$D$75, MATCH($I6,_xlfn.ANCHORARRAY( $A$3), 0))^2 + INDEX($E$3:$E$75,MATCH($I6,_xlfn.ANCHORARRAY($A$3),0))^2 + INDEX($F$3:$F$75,MATCH($I6,_xlfn.ANCHORARRAY($A$3),0))^2 ) ) -> 0.96994759 | M6: =( INDEX($B$3:$B$75, MATCH(M$2,_xlfn.ANCHORARRAY( $A$3), 0)) * INDEX($B$3:$B$75, MATCH($I6,_xlfn.ANCHORARRAY( $A$3), 0)) + ( INDEX($C$3:$C$75, MATCH(M$2,_xlfn.ANCHORARRAY( $A$3), 0)) * INDEX($C$3:$C$75, MATCH($I6,_xlfn.ANCHORARRAY( $A$3), 0)) ) * IF( SIGN(INDEX($C$3:$C$75, MATCH(M$2,_xlfn.ANCHORARRAY( $A$3), 0))) = SIGN(INDEX($C$3:$C$75, MATCH($I6,_xlfn.ANCHORARRAY( $A$3), 0))), 1, 0.1 ) + INDEX($D$3:$D$75, MATCH(M$2,_xlfn.ANCHORARRAY( $A$3), 0)) * INDEX($D$3:$D$75, MATCH($I6,_xlfn.ANCHORARRAY( $A$3), 0)) + INDEX($E$3:$E$75,MATCH(M$2,_xlfn.ANCHORARRAY($A$3),0)) * INDEX($E$3:$E$75,MATCH($I6,_xlfn.ANCHORARRAY($A$3),0)) + INDEX($F$3:$F$75,MATCH(M$2,_xlfn.ANCHORARRAY($A$3),0)) * INDEX($F$3:$F$75,MATCH($I6,_xlfn.ANCHORARRAY($A$3),0))) / ( SQRT( INDEX($B$3:$B$75, MATCH(M$2,_xlfn.ANCHORARRAY( $A$3), 0))^2 + INDEX($C$3:$C$75, MATCH(M$2,_xlfn.ANCHORARRAY( $A$3), 0))^2 + INDEX($D$3:$D$75, MATCH(M$2,_xlfn.ANCHORARRAY( $A$3), 0))^2 + INDEX($E$3:$E$75,MATCH(M$2,_xlfn.ANCHORARRAY($A$3),0))^2 + INDEX($F$3:$F$75,MATCH(M$2,_xlfn.ANCHORARRAY($A$3),0))^2 ) * SQRT( INDEX($B$3:$B$75, MATCH($I6,_xlfn.ANCHORARRAY( $A$3), 0))^2 + INDEX($C$3:$C$75, MATCH($I6,_xlfn.ANCHORARRAY( $A$3), 0))^2 + INDEX($D$3:$D$75, MATCH($I6,_xlfn.ANCHORARRAY( $A$3), 0))^2 + INDEX($E$3:$E$75,MATCH($I6,_xlfn.ANCHORARRAY($A$3),0))^2 + INDEX($F$3:$F$75,MATCH($I6,_xlfn.ANCHORARRAY($A$3),0))^2 ) ) -> 1 | N6: =( INDEX($B$3:$B$75, MATCH(N$2,_xlfn.ANCHORARRAY( $A$3), 0)) * INDEX($B$3:$B$75, MATCH($I6,_xlfn.ANCHORARRAY( $A$3), 0)) + ( INDEX($C$3:$C$75, MATCH(N$2,_xlfn.ANCHORARRAY( $A$3), 0)) * INDEX($C$3:$C$75, MATCH($I6,_xlfn.ANCHORARRAY( $A$3), 0)) ) * IF( SIGN(INDEX($C$3:$C$75, MATCH(N$2,_xlfn.ANCHORARRAY( $A$3), 0))) = SIGN(INDEX($C$3:$C$75, MATCH($I6,_xlfn.ANCHORARRAY( $A$3), 0))), 1, 0.1 ) + INDEX($D$3:$D$75, MATCH(N$2,_xlfn.ANCHORARRAY( $A$3), 0)) * INDEX($D$3:$D$75, MATCH($I6,_xlfn.ANCHORARRAY( $A$3), 0)) + INDEX($E$3:$E$75,MATCH(N$2,_xlfn.ANCHORARRAY($A$3),0)) * INDEX($E$3:$E$75,MATCH($I6,_xlfn.ANCHORARRAY($A$3),0)) + INDEX($F$3:$F$75,MATCH(N$2,_xlfn.ANCHORARRAY($A$3),0)) * INDEX($F$3:$F$75,MATCH($I6,_xlfn.ANCHORARRAY($A$3),0))) / ( SQRT( INDEX($B$3:$B$75, MATCH(N$2,_xlfn.ANCHORARRAY( $A$3), 0))^2 + INDEX($C$3:$C$75, MATCH(N$2,_xlfn.ANCHORARRAY( $A$3), 0))^2 + INDEX($D$3:$D$75, MATCH(N$2,_xlfn.ANCHORARRAY( $A$3), 0))^2 + INDEX($E$3:$E$75,MATCH(N$2,_xlfn.ANCHORARRAY($A$3),0))^2 + INDEX($F$3:$F$75,MATCH(N$2,_xlfn.ANCHORARRAY($A$3),0))^2 ) * SQRT( INDEX($B$3:$B$75, MATCH($I6,_xlfn.ANCHORARRAY( $A$3), 0))^2 + INDEX($C$3:$C$75, MATCH($I6,_xlfn.ANCHORARRAY( $A$3), 0))^2 + INDEX($D$3:$D$75, MATCH($I6,_xlfn.ANCHORARRAY( $A$3), 0))^2 + INDEX($E$3:$E$75,MATCH($I6,_xlfn.ANCHORARRAY($A$3),0))^2 + INDEX($F$3:$F$75,MATCH($I6,_xlfn.ANCHORARRAY($A$3),0))^2 ) ) -> 0.66614027 | O6: =( INDEX($B$3:$B$75, MATCH(O$2,_xlfn.ANCHORARRAY( $A$3), 0)) * INDEX($B$3:$B$75, MATCH($I6,_xlfn.ANCHORARRAY( $A$3), 0)) + ( INDEX($C$3:$C$75, MATCH(O$2,_xlfn.ANCHORARRAY( $A$3), 0)) * INDEX($C$3:$C$75, MATCH($I6,_xlfn.ANCHORARRAY( $A$3), 0)) ) * IF( SIGN(INDEX($C$3:$C$75, MATCH(O$2,_xlfn.ANCHORARRAY( $A$3), 0))) = SIGN(INDEX($C$3:$C$75, MATCH($I6,_xlfn.ANCHORARRAY( $A$3), 0))), 1, 0.1 ) + INDEX($D$3:$D$75, MATCH(O$2,_xlfn.ANCHORARRAY( $A$3), 0)) * INDEX($D$3:$D$75, MATCH($I6,_xlfn.ANCHORARRAY( $A$3), 0)) + INDEX($E$3:$E$75,MATCH(O$2,_xlfn.ANCHORARRAY($A$3),0)) * INDEX($E$3:$E$75,MATCH($I6,_xlfn.ANCHORARRAY($A$3),0)) + INDEX($F$3:$F$75,MATCH(O$2,_xlfn.ANCHORARRAY($A$3),0)) * INDEX($F$3:$F$75,MATCH($I6,_xlfn.ANCHORARRAY($A$3),0))) / ( SQRT( INDEX($B$3:$B$75, MATCH(O$2,_xlfn.ANCHORARRAY( $A$3), 0))^2 + INDEX($C$3:$C$75, MATCH(O$2,_xlfn.ANCHORARRAY( $A$3), 0))^2 + INDEX($D$3:$D$75, MATCH(O$2,_xlfn.ANCHORARRAY( $A$3), 0))^2 + INDEX($E$3:$E$75,MATCH(O$2,_xlfn.ANCHORARRAY($A$3),0))^2 + INDEX($F$3:$F$75,MATCH(O$2,_xlfn.ANCHORARRAY($A$3),0))^2 ) * SQRT( INDEX($B$3:$B$75, MATCH($I6,_xlfn.ANCHORARRAY( $A$3), 0))^2 + INDEX($C$3:$C$75, MATCH($I6,_xlfn.ANCHORARRAY( $A$3), 0))^2 + INDEX($D$3:$D$75, MATCH($I6,_xlfn.ANCHORARRAY( $A$3), 0))^2 + INDEX($E$3:$E$75,MATCH($I6,_xlfn.ANCHORARRAY($A$3),0))^2 + INDEX($F$3:$F$75,MATCH($I6,_xlfn.ANCHORARRAY($A$3),0))^2 ) ) -> 0.99040031 | P6: =( INDEX($B$3:$B$75, MATCH(P$2,_xlfn.ANCHORARRAY( $A$3), 0)) * INDEX($B$3:$B$75, MATCH($I6,_xlfn.ANCHORARRAY( $A$3), 0)) + ( INDEX($C$3:$C$75, MATCH(P$2,_xlfn.ANCHORARRAY( $A$3), 0)) * INDEX($C$3:$C$75, MATCH($I6,_xlfn.ANCHORARRAY( $A$3), 0)) ) * IF( SIGN(INDEX($C$3:$C$75, MATCH(P$2,_xlfn.ANCHORARRAY( $A$3), 0))) = SIGN(INDEX($C$3:$C$75, MATCH($I6,_xlfn.ANCHORARRAY( $A$3), 0))), 1, 0.1 ) + INDEX($D$3:$D$75, MATCH(P$2,_xlfn.ANCHORARRAY( $A$3), 0)) * INDEX($D$3:$D$75, MATCH($I6,_xlfn.ANCHORARRAY( $A$3), 0)) + INDEX($E$3:$E$75,MATCH(P$2,_xlfn.ANCHORARRAY($A$3),0)) * INDEX($E$3:$E$75,MATCH($I6,_xlfn.ANCHORARRAY($A$3),0)) + INDEX($F$3:$F$75,MATCH(P$2,_xlfn.ANCHORARRAY($A$3),0)) * INDEX($F$3:$F$75,MATCH($I6,_xlfn.ANCHORARRAY($A$3),0))) / ( SQRT( INDEX($B$3:$B$75, MATCH(P$2,_xlfn.ANCHORARRAY( $A$3), 0))^2 + INDEX($C$3:$C$75, MATCH(P$2,_xlfn.ANCHORARRAY( $A$3), 0))^2 + INDEX($D$3:$D$75, MATCH(P$2,_xlfn.ANCHORARRAY( $A$3), 0))^2 + INDEX($E$3:$E$75,MATCH(P$2,_xlfn.ANCHORARRAY($A$3),0))^2 + INDEX($F$3:$F$75,MATCH(P$2,_xlfn.ANCHORARRAY($A$3),0))^2 ) * SQRT( INDEX($B$3:$B$75, MATCH($I6,_xlfn.ANCHORARRAY( $A$3), 0))^2 + INDEX($C$3:$C$75, MATCH($I6,_xlfn.ANCHORARRAY( $A$3), 0))^2 + INDEX($D$3:$D$75, MATCH($I6,_xlfn.ANCHORARRAY( $A$3), 0))^2 + INDEX($E$3:$E$75,MATCH($I6,_xlfn.ANCHORARRAY($A$3),0))^2 + INDEX($F$3:$F$75,MATCH($I6,_xlfn.ANCHORARRAY($A$3),0))^2 ) ) -> 0.80501074 | Q6: =( INDEX($B$3:$B$75, MATCH(Q$2,_xlfn.ANCHORARRAY( $A$3), 0)) * INDEX($B$3:$B$75, MATCH($I6,_xlfn.ANCHORARRAY( $A$3), 0)) + ( INDEX($C$3:$C$75, MATCH(Q$2,_xlfn.ANCHORARRAY( $A$3), 0)) * INDEX($C$3:$C$75, MATCH($I6,_xlfn.ANCHORARRAY( $A$3), 0)) ) * IF( SIGN(INDEX($C$3:$C$75, MATCH(Q$2,_xlfn.ANCHORARRAY( $A$3), 0))) = SIGN(INDEX($C$3:$C$75, MATCH($I6,_xlfn.ANCHORARRAY( $A$3), 0))), 1, 0.1 ) + INDEX($D$3:$D$75, MATCH(Q$2,_xlfn.ANCHORARRAY( $A$3), 0)) * INDEX($D$3:$D$75, MATCH($I6,_xlfn.ANCHORARRAY( $A$3), 0)) + INDEX($E$3:$E$75,MATCH(Q$2,_xlfn.ANCHORARRAY($A$3),0)) * INDEX($E$3:$E$75,MATCH($I6,_xlfn.ANCHORARRAY($A$3),0)) + INDEX($F$3:$F$75,MATCH(Q$2,_xlfn.ANCHORARRAY($A$3),0)) * INDEX($F$3:$F$75,MATCH($I6,_xlfn.ANCHORARRAY($A$3),0))) / ( SQRT( INDEX($B$3:$B$75, MATCH(Q$2,_xlfn.ANCHORARRAY( $A$3), 0))^2 + INDEX($C$3:$C$75, MATCH(Q$2,_xlfn.ANCHORARRAY( $A$3), 0))^2 + INDEX($D$3:$D$75, MATCH(Q$2,_xlfn.ANCHORARRAY( $A$3), 0))^2 + INDEX($E$3:$E$75,MATCH(Q$2,_xlfn.ANCHORARRAY($A$3),0))^2 + INDEX($F$3:$F$75,MATCH(Q$2,_xlfn.ANCHORARRAY($A$3),0))^2 ) * SQRT( INDEX($B$3:$B$75, MATCH($I6,_xlfn.ANCHORARRAY( $A$3), 0))^2 + INDEX($C$3:$C$75, MATCH($I6,_xlfn.ANCHORARRAY( $A$3), 0))^2 + INDEX($D$3:$D$75, MATCH($I6,_xlfn.ANCHORARRAY( $A$3), 0))^2 + INDEX($E$3:$E$75,MATCH($I6,_xlfn.ANCHORARRAY($A$3),0))^2 + INDEX($F$3:$F$75,MATCH($I6,_xlfn.ANCHORARRAY($A$3),0))^2 ) ) -> 0.96800283 | ... CD6: =( INDEX($B$3:$B$75, MATCH(CD$2,_xlfn.ANCHORARRAY( $A$3), 0)) * INDEX($B$3:$B$75, MATCH($I6,_xlfn.ANCHORARRAY( $A$3), 0)) + ( INDEX($C$3:$C$75, MATCH(CD$2,_xlfn.ANCHORARRAY( $A$3), 0)) * INDEX($C$3:$C$75, MATCH($I6,_xlfn.ANCHORARRAY( $A$3), 0)) ) * IF( SIGN(INDEX($C$3:$C$75, MATCH(CD$2,_xlfn.ANCHORARRAY( $A$3), 0))) = SIGN(INDEX($C$3:$C$75, MATCH($I6,_xlfn.ANCHORARRAY( $A$3), 0))), 1, 0.1 ) + INDEX($D$3:$D$75, MATCH(CD$2,_xlfn.ANCHORARRAY( $A$3), 0)) * INDEX($D$3:$D$75, MATCH($I6,_xlfn.ANCHORARRAY( $A$3), 0)) + INDEX($E$3:$E$75,MATCH(CD$2,_xlfn.ANCHORARRAY($A$3),0)) * INDEX($E$3:$E$75,MATCH($I6,_xlfn.ANCHORARRAY($A$3),0)) + INDEX($F$3:$F$75,MATCH(CD$2,_xlfn.ANCHORARRAY($A$3),0)) * INDEX($F$3:$F$75,MATCH($I6,_xlfn.ANCHORARRAY($A$3),0))) / ( SQRT( INDEX($B$3:$B$75, MATCH(CD$2,_xlfn.ANCHORARRAY( $A$3), 0))^2 + INDEX($C$3:$C$75, MATCH(CD$2,_xlfn.ANCHORARRAY( $A$3), 0))^2 + INDEX($D$3:$D$75, MATCH(CD$2,_xlfn.ANCHORARRAY( $A$3), 0))^2 + INDEX($E$3:$E$75,MATCH(CD$2,_xlfn.ANCHORARRAY($A$3),0))^2 + INDEX($F$3:$F$75,MATCH(CD$2,_xlfn.ANCHORARRAY($A$3),0))^2 ) * SQRT( INDEX($B$3:$B$75, MATCH($I6,_xlfn.ANCHORARRAY( $A$3), 0))^2 + INDEX($C$3:$C$75, MATCH($I6,_xlfn.ANCHORARRAY( $A$3), 0))^2 + INDEX($D$3:$D$75, MATCH($I6,_xlfn.ANCHORARRAY( $A$3), 0))^2 + INDEX($E$3:$E$75,MATCH($I6,_xlfn.ANCHORARRAY($A$3),0))^2 + INDEX($F$3:$F$75,MATCH($I6,_xlfn.ANCHORARRAY($A$3),0))^2 ) ) -> 0.69474196
A7: Sale, Chris | B7: =_xlfn.XLOOKUP($A7,braves_19_25__2[player_name], braves_19_25__2[release_pos_z]) -> 4.96 | C7: =_xlfn.XLOOKUP($A7,braves_19_25__2[player_name], braves_19_25__2[release_pos_x])*2.5 -> 7.825 | D7: =_xlfn.XLOOKUP($A7,braves_19_25__2[player_name], braves_19_25__2[release_extension]) -> 6.59 | E7: =COS(RADIANS(AVERAGE(_xlfn.XLOOKUP($A7,braves_19_25__2[player_name],braves_19_25__2[arm_angle]))))*4 -> 3.9529135 | F7: =SIN(RADIANS(AVERAGE(_xlfn.XLOOKUP($A7,braves_19_25__2[player_name],braves_19_25__2[arm_angle]))))*4 -> 0.61194335 | G7: =SQRT(SUMSQ(B7:F7)) -> 12.052399 | I7: Sale, Chris | J7: =( INDEX($B$3:$B$75, MATCH(J$2,_xlfn.ANCHORARRAY( $A$3), 0)) * INDEX($B$3:$B$75, MATCH($I7,_xlfn.ANCHORARRAY( $A$3), 0)) + ( INDEX($C$3:$C$75, MATCH(J$2,_xlfn.ANCHORARRAY( $A$3), 0)) * INDEX($C$3:$C$75, MATCH($I7,_xlfn.ANCHORARRAY( $A$3), 0)) ) * IF( SIGN(INDEX($C$3:$C$75, MATCH(J$2,_xlfn.ANCHORARRAY( $A$3), 0))) = SIGN(INDEX($C$3:$C$75, MATCH($I7,_xlfn.ANCHORARRAY( $A$3), 0))), 1, 0.1 ) + INDEX($D$3:$D$75, MATCH(J$2,_xlfn.ANCHORARRAY( $A$3), 0)) * INDEX($D$3:$D$75, MATCH($I7,_xlfn.ANCHORARRAY( $A$3), 0)) + INDEX($E$3:$E$75,MATCH(J$2,_xlfn.ANCHORARRAY($A$3),0)) * INDEX($E$3:$E$75,MATCH($I7,_xlfn.ANCHORARRAY($A$3),0)) + INDEX($F$3:$F$75,MATCH(J$2,_xlfn.ANCHORARRAY($A$3),0)) * INDEX($F$3:$F$75,MATCH($I7,_xlfn.ANCHORARRAY($A$3),0))) / ( SQRT( INDEX($B$3:$B$75, MATCH(J$2,_xlfn.ANCHORARRAY( $A$3), 0))^2 + INDEX($C$3:$C$75, MATCH(J$2,_xlfn.ANCHORARRAY( $A$3), 0))^2 + INDEX($D$3:$D$75, MATCH(J$2,_xlfn.ANCHORARRAY( $A$3), 0))^2 + INDEX($E$3:$E$75,MATCH(J$2,_xlfn.ANCHORARRAY($A$3),0))^2 + INDEX($F$3:$F$75,MATCH(J$2,_xlfn.ANCHORARRAY($A$3),0))^2 ) * SQRT( INDEX($B$3:$B$75, MATCH($I7,_xlfn.ANCHORARRAY( $A$3), 0))^2 + INDEX($C$3:$C$75, MATCH($I7,_xlfn.ANCHORARRAY( $A$3), 0))^2 + INDEX($D$3:$D$75, MATCH($I7,_xlfn.ANCHORARRAY( $A$3), 0))^2 + INDEX($E$3:$E$75,MATCH($I7,_xlfn.ANCHORARRAY($A$3),0))^2 + INDEX($F$3:$F$75,MATCH($I7,_xlfn.ANCHORARRAY($A$3),0))^2 ) ) -> 0.88171218 | K7: =( INDEX($B$3:$B$75, MATCH(K$2,_xlfn.ANCHORARRAY( $A$3), 0)) * INDEX($B$3:$B$75, MATCH($I7,_xlfn.ANCHORARRAY( $A$3), 0)) + ( INDEX($C$3:$C$75, MATCH(K$2,_xlfn.ANCHORARRAY( $A$3), 0)) * INDEX($C$3:$C$75, MATCH($I7,_xlfn.ANCHORARRAY( $A$3), 0)) ) * IF( SIGN(INDEX($C$3:$C$75, MATCH(K$2,_xlfn.ANCHORARRAY( $A$3), 0))) = SIGN(INDEX($C$3:$C$75, MATCH($I7,_xlfn.ANCHORARRAY( $A$3), 0))), 1, 0.1 ) + INDEX($D$3:$D$75, MATCH(K$2,_xlfn.ANCHORARRAY( $A$3), 0)) * INDEX($D$3:$D$75, MATCH($I7,_xlfn.ANCHORARRAY( $A$3), 0)) + INDEX($E$3:$E$75,MATCH(K$2,_xlfn.ANCHORARRAY($A$3),0)) * INDEX($E$3:$E$75,MATCH($I7,_xlfn.ANCHORARRAY($A$3),0)) + INDEX($F$3:$F$75,MATCH(K$2,_xlfn.ANCHORARRAY($A$3),0)) * INDEX($F$3:$F$75,MATCH($I7,_xlfn.ANCHORARRAY($A$3),0))) / ( SQRT( INDEX($B$3:$B$75, MATCH(K$2,_xlfn.ANCHORARRAY( $A$3), 0))^2 + INDEX($C$3:$C$75, MATCH(K$2,_xlfn.ANCHORARRAY( $A$3), 0))^2 + INDEX($D$3:$D$75, MATCH(K$2,_xlfn.ANCHORARRAY( $A$3), 0))^2 + INDEX($E$3:$E$75,MATCH(K$2,_xlfn.ANCHORARRAY($A$3),0))^2 + INDEX($F$3:$F$75,MATCH(K$2,_xlfn.ANCHORARRAY($A$3),0))^2 ) * SQRT( INDEX($B$3:$B$75, MATCH($I7,_xlfn.ANCHORARRAY( $A$3), 0))^2 + INDEX($C$3:$C$75, MATCH($I7,_xlfn.ANCHORARRAY( $A$3), 0))^2 + INDEX($D$3:$D$75, MATCH($I7,_xlfn.ANCHORARRAY( $A$3), 0))^2 + INDEX($E$3:$E$75,MATCH($I7,_xlfn.ANCHORARRAY($A$3),0))^2 + INDEX($F$3:$F$75,MATCH($I7,_xlfn.ANCHORARRAY($A$3),0))^2 ) ) -> 0.60964493 | L7: =( INDEX($B$3:$B$75, MATCH(L$2,_xlfn.ANCHORARRAY( $A$3), 0)) * INDEX($B$3:$B$75, MATCH($I7,_xlfn.ANCHORARRAY( $A$3), 0)) + ( INDEX($C$3:$C$75, MATCH(L$2,_xlfn.ANCHORARRAY( $A$3), 0)) * INDEX($C$3:$C$75, MATCH($I7,_xlfn.ANCHORARRAY( $A$3), 0)) ) * IF( SIGN(INDEX($C$3:$C$75, MATCH(L$2,_xlfn.ANCHORARRAY( $A$3), 0))) = SIGN(INDEX($C$3:$C$75, MATCH($I7,_xlfn.ANCHORARRAY( $A$3), 0))), 1, 0.1 ) + INDEX($D$3:$D$75, MATCH(L$2,_xlfn.ANCHORARRAY( $A$3), 0)) * INDEX($D$3:$D$75, MATCH($I7,_xlfn.ANCHORARRAY( $A$3), 0)) + INDEX($E$3:$E$75,MATCH(L$2,_xlfn.ANCHORARRAY($A$3),0)) * INDEX($E$3:$E$75,MATCH($I7,_xlfn.ANCHORARRAY($A$3),0)) + INDEX($F$3:$F$75,MATCH(L$2,_xlfn.ANCHORARRAY($A$3),0)) * INDEX($F$3:$F$75,MATCH($I7,_xlfn.ANCHORARRAY($A$3),0))) / ( SQRT( INDEX($B$3:$B$75, MATCH(L$2,_xlfn.ANCHORARRAY( $A$3), 0))^2 + INDEX($C$3:$C$75, MATCH(L$2,_xlfn.ANCHORARRAY( $A$3), 0))^2 + INDEX($D$3:$D$75, MATCH(L$2,_xlfn.ANCHORARRAY( $A$3), 0))^2 + INDEX($E$3:$E$75,MATCH(L$2,_xlfn.ANCHORARRAY($A$3),0))^2 + INDEX($F$3:$F$75,MATCH(L$2,_xlfn.ANCHORARRAY($A$3),0))^2 ) * SQRT( INDEX($B$3:$B$75, MATCH($I7,_xlfn.ANCHORARRAY( $A$3), 0))^2 + INDEX($C$3:$C$75, MATCH($I7,_xlfn.ANCHORARRAY( $A$3), 0))^2 + INDEX($D$3:$D$75, MATCH($I7,_xlfn.ANCHORARRAY( $A$3), 0))^2 + INDEX($E$3:$E$75,MATCH($I7,_xlfn.ANCHORARRAY($A$3),0))^2 + INDEX($F$3:$F$75,MATCH($I7,_xlfn.ANCHORARRAY($A$3),0))^2 ) ) -> 0.60890672 | M7: =( INDEX($B$3:$B$75, MATCH(M$2,_xlfn.ANCHORARRAY( $A$3), 0)) * INDEX($B$3:$B$75, MATCH($I7,_xlfn.ANCHORARRAY( $A$3), 0)) + ( INDEX($C$3:$C$75, MATCH(M$2,_xlfn.ANCHORARRAY( $A$3), 0)) * INDEX($C$3:$C$75, MATCH($I7,_xlfn.ANCHORARRAY( $A$3), 0)) ) * IF( SIGN(INDEX($C$3:$C$75, MATCH(M$2,_xlfn.ANCHORARRAY( $A$3), 0))) = SIGN(INDEX($C$3:$C$75, MATCH($I7,_xlfn.ANCHORARRAY( $A$3), 0))), 1, 0.1 ) + INDEX($D$3:$D$75, MATCH(M$2,_xlfn.ANCHORARRAY( $A$3), 0)) * INDEX($D$3:$D$75, MATCH($I7,_xlfn.ANCHORARRAY( $A$3), 0)) + INDEX($E$3:$E$75,MATCH(M$2,_xlfn.ANCHORARRAY($A$3),0)) * INDEX($E$3:$E$75,MATCH($I7,_xlfn.ANCHORARRAY($A$3),0)) + INDEX($F$3:$F$75,MATCH(M$2,_xlfn.ANCHORARRAY($A$3),0)) * INDEX($F$3:$F$75,MATCH($I7,_xlfn.ANCHORARRAY($A$3),0))) / ( SQRT( INDEX($B$3:$B$75, MATCH(M$2,_xlfn.ANCHORARRAY( $A$3), 0))^2 + INDEX($C$3:$C$75, MATCH(M$2,_xlfn.ANCHORARRAY( $A$3), 0))^2 + INDEX($D$3:$D$75, MATCH(M$2,_xlfn.ANCHORARRAY( $A$3), 0))^2 + INDEX($E$3:$E$75,MATCH(M$2,_xlfn.ANCHORARRAY($A$3),0))^2 + INDEX($F$3:$F$75,MATCH(M$2,_xlfn.ANCHORARRAY($A$3),0))^2 ) * SQRT( INDEX($B$3:$B$75, MATCH($I7,_xlfn.ANCHORARRAY( $A$3), 0))^2 + INDEX($C$3:$C$75, MATCH($I7,_xlfn.ANCHORARRAY( $A$3), 0))^2 + INDEX($D$3:$D$75, MATCH($I7,_xlfn.ANCHORARRAY( $A$3), 0))^2 + INDEX($E$3:$E$75,MATCH($I7,_xlfn.ANCHORARRAY($A$3),0))^2 + INDEX($F$3:$F$75,MATCH($I7,_xlfn.ANCHORARRAY($A$3),0))^2 ) ) -> 0.66614027 | N7: =( INDEX($B$3:$B$75, MATCH(N$2,_xlfn.ANCHORARRAY( $A$3), 0)) * INDEX($B$3:$B$75, MATCH($I7,_xlfn.ANCHORARRAY( $A$3), 0)) + ( INDEX($C$3:$C$75, MATCH(N$2,_xlfn.ANCHORARRAY( $A$3), 0)) * INDEX($C$3:$C$75, MATCH($I7,_xlfn.ANCHORARRAY( $A$3), 0)) ) * IF( SIGN(INDEX($C$3:$C$75, MATCH(N$2,_xlfn.ANCHORARRAY( $A$3), 0))) = SIGN(INDEX($C$3:$C$75, MATCH($I7,_xlfn.ANCHORARRAY( $A$3), 0))), 1, 0.1 ) + INDEX($D$3:$D$75, MATCH(N$2,_xlfn.ANCHORARRAY( $A$3), 0)) * INDEX($D$3:$D$75, MATCH($I7,_xlfn.ANCHORARRAY( $A$3), 0)) + INDEX($E$3:$E$75,MATCH(N$2,_xlfn.ANCHORARRAY($A$3),0)) * INDEX($E$3:$E$75,MATCH($I7,_xlfn.ANCHORARRAY($A$3),0)) + INDEX($F$3:$F$75,MATCH(N$2,_xlfn.ANCHORARRAY($A$3),0)) * INDEX($F$3:$F$75,MATCH($I7,_xlfn.ANCHORARRAY($A$3),0))) / ( SQRT( INDEX($B$3:$B$75, MATCH(N$2,_xlfn.ANCHORARRAY( $A$3), 0))^2 + INDEX($C$3:$C$75, MATCH(N$2,_xlfn.ANCHORARRAY( $A$3), 0))^2 + INDEX($D$3:$D$75, MATCH(N$2,_xlfn.ANCHORARRAY( $A$3), 0))^2 + INDEX($E$3:$E$75,MATCH(N$2,_xlfn.ANCHORARRAY($A$3),0))^2 + INDEX($F$3:$F$75,MATCH(N$2,_xlfn.ANCHORARRAY($A$3),0))^2 ) * SQRT( INDEX($B$3:$B$75, MATCH($I7,_xlfn.ANCHORARRAY( $A$3), 0))^2 + INDEX($C$3:$C$75, MATCH($I7,_xlfn.ANCHORARRAY( $A$3), 0))^2 + INDEX($D$3:$D$75, MATCH($I7,_xlfn.ANCHORARRAY( $A$3), 0))^2 + INDEX($E$3:$E$75,MATCH($I7,_xlfn.ANCHORARRAY($A$3),0))^2 + INDEX($F$3:$F$75,MATCH($I7,_xlfn.ANCHORARRAY($A$3),0))^2 ) ) -> 1 | O7: =( INDEX($B$3:$B$75, MATCH(O$2,_xlfn.ANCHORARRAY( $A$3), 0)) * INDEX($B$3:$B$75, MATCH($I7,_xlfn.ANCHORARRAY( $A$3), 0)) + ( INDEX($C$3:$C$75, MATCH(O$2,_xlfn.ANCHORARRAY( $A$3), 0)) * INDEX($C$3:$C$75, MATCH($I7,_xlfn.ANCHORARRAY( $A$3), 0)) ) * IF( SIGN(INDEX($C$3:$C$75, MATCH(O$2,_xlfn.ANCHORARRAY( $A$3), 0))) = SIGN(INDEX($C$3:$C$75, MATCH($I7,_xlfn.ANCHORARRAY( $A$3), 0))), 1, 0.1 ) + INDEX($D$3:$D$75, MATCH(O$2,_xlfn.ANCHORARRAY( $A$3), 0)) * INDEX($D$3:$D$75, MATCH($I7,_xlfn.ANCHORARRAY( $A$3), 0)) + INDEX($E$3:$E$75,MATCH(O$2,_xlfn.ANCHORARRAY($A$3),0)) * INDEX($E$3:$E$75,MATCH($I7,_xlfn.ANCHORARRAY($A$3),0)) + INDEX($F$3:$F$75,MATCH(O$2,_xlfn.ANCHORARRAY($A$3),0)) * INDEX($F$3:$F$75,MATCH($I7,_xlfn.ANCHORARRAY($A$3),0))) / ( SQRT( INDEX($B$3:$B$75, MATCH(O$2,_xlfn.ANCHORARRAY( $A$3), 0))^2 + INDEX($C$3:$C$75, MATCH(O$2,_xlfn.ANCHORARRAY( $A$3), 0))^2 + INDEX($D$3:$D$75, MATCH(O$2,_xlfn.ANCHORARRAY( $A$3), 0))^2 + INDEX($E$3:$E$75,MATCH(O$2,_xlfn.ANCHORARRAY($A$3),0))^2 + INDEX($F$3:$F$75,MATCH(O$2,_xlfn.ANCHORARRAY($A$3),0))^2 ) * SQRT( INDEX($B$3:$B$75, MATCH($I7,_xlfn.ANCHORARRAY( $A$3), 0))^2 + INDEX($C$3:$C$75, MATCH($I7,_xlfn.ANCHORARRAY( $A$3), 0))^2 + INDEX($D$3:$D$75, MATCH($I7,_xlfn.ANCHORARRAY( $A$3), 0))^2 + INDEX($E$3:$E$75,MATCH($I7,_xlfn.ANCHORARRAY($A$3),0))^2 + INDEX($F$3:$F$75,MATCH($I7,_xlfn.ANCHORARRAY($A$3),0))^2 ) ) -> 0.62974389 | P7: =( INDEX($B$3:$B$75, MATCH(P$2,_xlfn.ANCHORARRAY( $A$3), 0)) * INDEX($B$3:$B$75, MATCH($I7,_xlfn.ANCHORARRAY( $A$3), 0)) + ( INDEX($C$3:$C$75, MATCH(P$2,_xlfn.ANCHORARRAY( $A$3), 0)) * INDEX($C$3:$C$75, MATCH($I7,_xlfn.ANCHORARRAY( $A$3), 0)) ) * IF( SIGN(INDEX($C$3:$C$75, MATCH(P$2,_xlfn.ANCHORARRAY( $A$3), 0))) = SIGN(INDEX($C$3:$C$75, MATCH($I7,_xlfn.ANCHORARRAY( $A$3), 0))), 1, 0.1 ) + INDEX($D$3:$D$75, MATCH(P$2,_xlfn.ANCHORARRAY( $A$3), 0)) * INDEX($D$3:$D$75, MATCH($I7,_xlfn.ANCHORARRAY( $A$3), 0)) + INDEX($E$3:$E$75,MATCH(P$2,_xlfn.ANCHORARRAY($A$3),0)) * INDEX($E$3:$E$75,MATCH($I7,_xlfn.ANCHORARRAY($A$3),0)) + INDEX($F$3:$F$75,MATCH(P$2,_xlfn.ANCHORARRAY($A$3),0)) * INDEX($F$3:$F$75,MATCH($I7,_xlfn.ANCHORARRAY($A$3),0))) / ( SQRT( INDEX($B$3:$B$75, MATCH(P$2,_xlfn.ANCHORARRAY( $A$3), 0))^2 + INDEX($C$3:$C$75, MATCH(P$2,_xlfn.ANCHORARRAY( $A$3), 0))^2 + INDEX($D$3:$D$75, MATCH(P$2,_xlfn.ANCHORARRAY( $A$3), 0))^2 + INDEX($E$3:$E$75,MATCH(P$2,_xlfn.ANCHORARRAY($A$3),0))^2 + INDEX($F$3:$F$75,MATCH(P$2,_xlfn.ANCHORARRAY($A$3),0))^2 ) * SQRT( INDEX($B$3:$B$75, MATCH($I7,_xlfn.ANCHORARRAY( $A$3), 0))^2 + INDEX($C$3:$C$75, MATCH($I7,_xlfn.ANCHORARRAY( $A$3), 0))^2 + INDEX($D$3:$D$75, MATCH($I7,_xlfn.ANCHORARRAY( $A$3), 0))^2 + INDEX($E$3:$E$75,MATCH($I7,_xlfn.ANCHORARRAY($A$3),0))^2 + INDEX($F$3:$F$75,MATCH($I7,_xlfn.ANCHORARRAY($A$3),0))^2 ) ) -> 0.96407993 | Q7: =( INDEX($B$3:$B$75, MATCH(Q$2,_xlfn.ANCHORARRAY( $A$3), 0)) * INDEX($B$3:$B$75, MATCH($I7,_xlfn.ANCHORARRAY( $A$3), 0)) + ( INDEX($C$3:$C$75, MATCH(Q$2,_xlfn.ANCHORARRAY( $A$3), 0)) * INDEX($C$3:$C$75, MATCH($I7,_xlfn.ANCHORARRAY( $A$3), 0)) ) * IF( SIGN(INDEX($C$3:$C$75, MATCH(Q$2,_xlfn.ANCHORARRAY( $A$3), 0))) = SIGN(INDEX($C$3:$C$75, MATCH($I7,_xlfn.ANCHORARRAY( $A$3), 0))), 1, 0.1 ) + INDEX($D$3:$D$75, MATCH(Q$2,_xlfn.ANCHORARRAY( $A$3), 0)) * INDEX($D$3:$D$75, MATCH($I7,_xlfn.ANCHORARRAY( $A$3), 0)) + INDEX($E$3:$E$75,MATCH(Q$2,_xlfn.ANCHORARRAY($A$3),0)) * INDEX($E$3:$E$75,MATCH($I7,_xlfn.ANCHORARRAY($A$3),0)) + INDEX($F$3:$F$75,MATCH(Q$2,_xlfn.ANCHORARRAY($A$3),0)) * INDEX($F$3:$F$75,MATCH($I7,_xlfn.ANCHORARRAY($A$3),0))) / ( SQRT( INDEX($B$3:$B$75, MATCH(Q$2,_xlfn.ANCHORARRAY( $A$3), 0))^2 + INDEX($C$3:$C$75, MATCH(Q$2,_xlfn.ANCHORARRAY( $A$3), 0))^2 + INDEX($D$3:$D$75, MATCH(Q$2,_xlfn.ANCHORARRAY( $A$3), 0))^2 + INDEX($E$3:$E$75,MATCH(Q$2,_xlfn.ANCHORARRAY($A$3),0))^2 + INDEX($F$3:$F$75,MATCH(Q$2,_xlfn.ANCHORARRAY($A$3),0))^2 ) * SQRT( INDEX($B$3:$B$75, MATCH($I7,_xlfn.ANCHORARRAY( $A$3), 0))^2 + INDEX($C$3:$C$75, MATCH($I7,_xlfn.ANCHORARRAY( $A$3), 0))^2 + INDEX($D$3:$D$75, MATCH($I7,_xlfn.ANCHORARRAY( $A$3), 0))^2 + INDEX($E$3:$E$75,MATCH($I7,_xlfn.ANCHORARRAY($A$3),0))^2 + INDEX($F$3:$F$75,MATCH($I7,_xlfn.ANCHORARRAY($A$3),0))^2 ) ) -> 0.6440065 | ... CD7: =( INDEX($B$3:$B$75, MATCH(CD$2,_xlfn.ANCHORARRAY( $A$3), 0)) * INDEX($B$3:$B$75, MATCH($I7,_xlfn.ANCHORARRAY( $A$3), 0)) + ( INDEX($C$3:$C$75, MATCH(CD$2,_xlfn.ANCHORARRAY( $A$3), 0)) * INDEX($C$3:$C$75, MATCH($I7,_xlfn.ANCHORARRAY( $A$3), 0)) ) * IF( SIGN(INDEX($C$3:$C$75, MATCH(CD$2,_xlfn.ANCHORARRAY( $A$3), 0))) = SIGN(INDEX($C$3:$C$75, MATCH($I7,_xlfn.ANCHORARRAY( $A$3), 0))), 1, 0.1 ) + INDEX($D$3:$D$75, MATCH(CD$2,_xlfn.ANCHORARRAY( $A$3), 0)) * INDEX($D$3:$D$75, MATCH($I7,_xlfn.ANCHORARRAY( $A$3), 0)) + INDEX($E$3:$E$75,MATCH(CD$2,_xlfn.ANCHORARRAY($A$3),0)) * INDEX($E$3:$E$75,MATCH($I7,_xlfn.ANCHORARRAY($A$3),0)) + INDEX($F$3:$F$75,MATCH(CD$2,_xlfn.ANCHORARRAY($A$3),0)) * INDEX($F$3:$F$75,MATCH($I7,_xlfn.ANCHORARRAY($A$3),0))) / ( SQRT( INDEX($B$3:$B$75, MATCH(CD$2,_xlfn.ANCHORARRAY( $A$3), 0))^2 + INDEX($C$3:$C$75, MATCH(CD$2,_xlfn.ANCHORARRAY( $A$3), 0))^2 + INDEX($D$3:$D$75, MATCH(CD$2,_xlfn.ANCHORARRAY( $A$3), 0))^2 + INDEX($E$3:$E$75,MATCH(CD$2,_xlfn.ANCHORARRAY($A$3),0))^2 + INDEX($F$3:$F$75,MATCH(CD$2,_xlfn.ANCHORARRAY($A$3),0))^2 ) * SQRT( INDEX($B$3:$B$75, MATCH($I7,_xlfn.ANCHORARRAY( $A$3), 0))^2 + INDEX($C$3:$C$75, MATCH($I7,_xlfn.ANCHORARRAY( $A$3), 0))^2 + INDEX($D$3:$D$75, MATCH($I7,_xlfn.ANCHORARRAY( $A$3), 0))^2 + INDEX($E$3:$E$75,MATCH($I7,_xlfn.ANCHORARRAY($A$3),0))^2 + INDEX($F$3:$F$75,MATCH($I7,_xlfn.ANCHORARRAY($A$3),0))^2 ) ) -> 0.97673012
